,restriction,modality,chunk_size,seed,acc,pyr_acc,in_acc,auc
0,complete,spatial,0,0,96.15384615,98.79518072,85.71428571,0.922547332
1,complete,spatial,500,0,88.46153846,90.36144578,80.95238095,0.962707975
2,complete,spatial,200,0,89.42307692,89.15662651,90.47619048,0.957544464
3,complete,morphological,0,0,100,100,100,1
4,complete,morphological,500,0,97.11538462,96.38554217,100,0.99827883
5,complete,morphological,200,0,98.07692308,97.59036145,100,0.99827883
6,complete,temporal,0,0,92.30769231,93.97590361,85.71428571,0.969305795
7,complete,temporal,500,0,93.26923077,96.38554217,80.95238095,0.978198508
8,complete,temporal,200,0,95.19230769,97.59036145,85.71428571,0.981067126
9,complete,spat_tempo,0,0,92.30769231,98.79518072,66.66666667,0.990820425
10,complete,spat_tempo,500,0,97.11538462,97.59036145,95.23809524,0.992541595
11,complete,spat_tempo,200,0,99.03846154,98.79518072,100,0.993689042
12,no_small_sample,spatial,0,0,91.80327869,95.45454545,82.35294118,0.927807487
13,no_small_sample,spatial,500,0,90.16393443,93.18181818,82.35294118,0.965240642
14,no_small_sample,spatial,200,0,93.44262295,93.18181818,94.11764706,0.975935829
15,no_small_sample,morphological,0,0,100,100,100,1
16,no_small_sample,morphological,500,0,96.72131148,95.45454545,100,1
17,no_small_sample,morphological,200,0,98.36065574,97.72727273,100,1
18,no_small_sample,temporal,0,0,96.72131148,100,88.23529412,0.99197861
19,no_small_sample,temporal,500,0,98.36065574,100,94.11764706,1
20,no_small_sample,temporal,200,0,95.08196721,100,82.35294118,1
21,no_small_sample,spat_tempo,0,0,96.72131148,97.72727273,94.11764706,0.998663102
22,no_small_sample,spat_tempo,500,0,98.36065574,100,94.11764706,0.998663102
23,no_small_sample,spat_tempo,200,0,98.36065574,100,94.11764706,0.998663102
24,complete,spatial,0,1,86.53846154,93.97590361,57.14285714,0.907630522
25,complete,spatial,500,1,89.42307692,93.97590361,71.42857143,0.936890419
26,complete,spatial,200,1,87.5,90.36144578,76.19047619,0.94205393
27,complete,morphological,0,1,99.03846154,100,95.23809524,0.997418244
28,complete,morphological,500,1,96.15384615,96.38554217,95.23809524,0.994836489
29,complete,morphological,200,1,96.15384615,98.79518072,85.71428571,0.994262765
30,complete,temporal,0,1,94.23076923,98.79518072,76.19047619,0.979345955
31,complete,temporal,500,1,92.30769231,95.18072289,80.95238095,0.978772232
32,complete,temporal,200,1,94.23076923,98.79518072,76.19047619,0.969018933
33,complete,spat_tempo,0,1,94.23076923,96.38554217,85.71428571,0.984509466
34,complete,spat_tempo,500,1,96.15384615,97.59036145,90.47619048,0.981640849
35,complete,spat_tempo,200,1,96.15384615,98.79518072,85.71428571,0.983935743
36,no_small_sample,spatial,0,1,80.32786885,97.72727273,35.29411765,0.788770053
37,no_small_sample,spatial,500,1,81.96721311,95.45454545,47.05882353,0.827540107
38,no_small_sample,spatial,200,1,80.32786885,88.63636364,58.82352941,0.872994652
39,no_small_sample,morphological,0,1,98.36065574,100,94.11764706,0.998663102
40,no_small_sample,morphological,500,1,98.36065574,100,94.11764706,1
41,no_small_sample,morphological,200,1,100,100,100,1
42,no_small_sample,temporal,0,1,88.52459016,90.90909091,82.35294118,0.978609626
43,no_small_sample,temporal,500,1,95.08196721,93.18181818,100,0.993315508
44,no_small_sample,temporal,200,1,91.80327869,90.90909091,94.11764706,0.989304813
45,no_small_sample,spat_tempo,0,1,91.80327869,93.18181818,88.23529412,0.981283422
46,no_small_sample,spat_tempo,500,1,95.08196721,95.45454545,94.11764706,0.978609626
47,no_small_sample,spat_tempo,200,1,91.80327869,95.45454545,82.35294118,0.97459893
48,complete,spatial,0,2,88.46153846,96.38554217,57.14285714,0.919678715
49,complete,spatial,500,2,86.53846154,90.36144578,71.42857143,0.92713712
50,complete,spatial,200,2,87.5,89.15662651,80.95238095,0.94205393
51,complete,morphological,0,2,100,100,100,1
52,complete,morphological,500,2,99.03846154,100,95.23809524,1
53,complete,morphological,200,2,99.03846154,100,95.23809524,1
54,complete,temporal,0,2,92.30769231,92.77108434,90.47619048,0.959552496
55,complete,temporal,500,2,90.38461538,90.36144578,90.47619048,0.95697074
56,complete,temporal,200,2,93.26923077,93.97590361,90.47619048,0.954102123
57,complete,spat_tempo,0,2,94.23076923,95.18072289,90.47619048,0.973034997
58,complete,spat_tempo,500,2,93.26923077,93.97590361,90.47619048,0.971313827
59,complete,spat_tempo,200,2,94.23076923,93.97590361,95.23809524,0.975903614
60,no_small_sample,spatial,0,2,80.32786885,90.90909091,52.94117647,0.862299465
61,no_small_sample,spatial,500,2,80.32786885,84.09090909,70.58823529,0.874331551
62,no_small_sample,spatial,200,2,85.24590164,88.63636364,76.47058824,0.905080214
63,no_small_sample,morphological,0,2,100,100,100,1
64,no_small_sample,morphological,500,2,100,100,100,1
65,no_small_sample,morphological,200,2,100,100,100,1
66,no_small_sample,temporal,0,2,91.80327869,90.90909091,94.11764706,0.953208556
67,no_small_sample,temporal,500,2,96.72131148,95.45454545,100,0.993315508
68,no_small_sample,temporal,200,2,93.44262295,95.45454545,88.23529412,0.99197861
69,no_small_sample,spat_tempo,0,2,91.80327869,90.90909091,94.11764706,0.975935829
70,no_small_sample,spat_tempo,500,2,91.80327869,93.18181818,88.23529412,0.982620321
71,no_small_sample,spat_tempo,200,2,91.80327869,93.18181818,88.23529412,0.981283422
72,complete,spatial,0,3,85.57692308,92.77108434,57.14285714,0.907630522
73,complete,spatial,500,3,90.38461538,93.97590361,76.19047619,0.91394148
74,complete,spatial,200,3,88.46153846,92.77108434,71.42857143,0.931726908
75,complete,morphological,0,3,99.03846154,100,95.23809524,0.997705106
76,complete,morphological,500,3,96.15384615,96.38554217,95.23809524,0.99827883
77,complete,morphological,200,3,96.15384615,96.38554217,95.23809524,0.99827883
78,complete,temporal,0,3,96.15384615,97.59036145,90.47619048,0.989672978
79,complete,temporal,500,3,97.11538462,98.79518072,90.47619048,0.997131383
80,complete,temporal,200,3,98.07692308,98.79518072,95.23809524,0.997705106
81,complete,spat_tempo,0,3,95.19230769,97.59036145,85.71428571,0.988238669
82,complete,spat_tempo,500,3,97.11538462,97.59036145,95.23809524,0.98508319
83,complete,spat_tempo,200,3,95.19230769,97.59036145,85.71428571,0.98508319
84,no_small_sample,spatial,0,3,81.96721311,95.45454545,47.05882353,0.909090909
85,no_small_sample,spatial,500,3,88.52459016,90.90909091,82.35294118,0.942513369
86,no_small_sample,spatial,200,3,90.16393443,90.90909091,88.23529412,0.951871658
87,no_small_sample,morphological,0,3,100,100,100,1
88,no_small_sample,morphological,500,3,100,100,100,1
89,no_small_sample,morphological,200,3,100,100,100,1
90,no_small_sample,temporal,0,3,86.8852459,95.45454545,64.70588235,0.978609626
91,no_small_sample,temporal,500,3,95.08196721,97.72727273,88.23529412,0.997326203
92,no_small_sample,temporal,200,3,98.36065574,100,94.11764706,1
93,no_small_sample,spat_tempo,0,3,90.16393443,95.45454545,76.47058824,0.961898396
94,no_small_sample,spat_tempo,500,3,93.44262295,95.45454545,88.23529412,0.981283422
95,no_small_sample,spat_tempo,200,3,93.44262295,95.45454545,88.23529412,0.990641711
96,complete,spatial,0,4,86.53846154,90.36144578,71.42857143,0.877796902
97,complete,spatial,500,4,86.53846154,87.95180723,80.95238095,0.920826162
98,complete,spatial,200,4,86.53846154,86.74698795,85.71428571,0.927710843
99,complete,morphological,0,4,99.03846154,100,95.23809524,0.991967871
100,complete,morphological,500,4,99.03846154,100,95.23809524,0.991394148
101,complete,morphological,200,4,99.03846154,100,95.23809524,0.988525531
102,complete,temporal,0,4,92.30769231,93.97590361,85.71428571,0.972461274
103,complete,temporal,500,4,94.23076923,92.77108434,100,0.993115318
104,complete,temporal,200,4,94.23076923,93.97590361,95.23809524,0.992541595
105,complete,spat_tempo,0,4,95.19230769,95.18072289,95.23809524,0.989099254
106,complete,spat_tempo,500,4,94.23076923,92.77108434,100,0.992541595
107,complete,spat_tempo,200,4,95.19230769,95.18072289,95.23809524,0.991394148
108,no_small_sample,spatial,0,4,83.60655738,90.90909091,64.70588235,0.911764706
109,no_small_sample,spatial,500,4,81.96721311,84.09090909,76.47058824,0.909090909
110,no_small_sample,spatial,200,4,80.32786885,77.27272727,88.23529412,0.918449198
111,no_small_sample,morphological,0,4,100,100,100,1
112,no_small_sample,morphological,500,4,100,100,100,1
113,no_small_sample,morphological,200,4,100,100,100,1
114,no_small_sample,temporal,0,4,86.8852459,90.90909091,76.47058824,0.848930481
115,no_small_sample,temporal,500,4,90.16393443,88.63636364,94.11764706,0.978609626
116,no_small_sample,temporal,200,4,95.08196721,95.45454545,94.11764706,0.973262032
117,no_small_sample,spat_tempo,0,4,86.8852459,86.36363636,88.23529412,0.955882353
118,no_small_sample,spat_tempo,500,4,90.16393443,86.36363636,100,0.979946524
119,no_small_sample,spat_tempo,200,4,88.52459016,86.36363636,94.11764706,0.982620321
120,complete,spatial,0,5,85.57692308,97.59036145,38.0952381,0.883534137
121,complete,spatial,500,5,88.46153846,95.18072289,61.9047619,0.88238669
122,complete,spatial,200,5,86.53846154,92.77108434,61.9047619,0.89902467
123,complete,morphological,0,5,97.11538462,97.59036145,95.23809524,0.989672978
124,complete,morphological,500,5,97.11538462,97.59036145,95.23809524,0.99168101
125,complete,morphological,200,5,98.07692308,98.79518072,95.23809524,0.997131383
126,complete,temporal,0,5,95.19230769,98.79518072,80.95238095,0.968445209
127,complete,temporal,500,5,96.15384615,100,80.95238095,0.994262765
128,complete,temporal,200,5,95.19230769,100,76.19047619,0.991967871
129,complete,spat_tempo,0,5,94.23076923,100,71.42857143,0.978198508
130,complete,spat_tempo,500,5,96.15384615,97.59036145,90.47619048,0.993689042
131,complete,spat_tempo,200,5,97.11538462,100,85.71428571,0.992541595
132,no_small_sample,spatial,0,5,85.24590164,93.18181818,64.70588235,0.921122995
133,no_small_sample,spatial,500,5,91.80327869,95.45454545,82.35294118,0.929144385
134,no_small_sample,spatial,200,5,91.80327869,93.18181818,88.23529412,0.942513369
135,no_small_sample,morphological,0,5,96.72131148,100,88.23529412,0.998663102
136,no_small_sample,morphological,500,5,98.36065574,100,94.11764706,1
137,no_small_sample,morphological,200,5,98.36065574,100,94.11764706,1
138,no_small_sample,temporal,0,5,93.44262295,95.45454545,88.23529412,0.972593583
139,no_small_sample,temporal,500,5,95.08196721,95.45454545,94.11764706,0.975935829
140,no_small_sample,temporal,200,5,95.08196721,95.45454545,94.11764706,0.95855615
141,no_small_sample,spat_tempo,0,5,93.44262295,93.18181818,94.11764706,0.970588235
142,no_small_sample,spat_tempo,500,5,95.08196721,97.72727273,88.23529412,0.975935829
143,no_small_sample,spat_tempo,200,5,91.80327869,97.72727273,76.47058824,0.982620321
144,complete,spatial,0,6,88.46153846,96.38554217,57.14285714,0.920252438
145,complete,spatial,500,6,88.46153846,93.97590361,66.66666667,0.881239243
146,complete,spatial,200,6,87.5,91.56626506,71.42857143,0.8973035
147,complete,morphological,0,6,99.03846154,100,95.23809524,0.998852553
148,complete,morphological,500,6,99.03846154,100,95.23809524,0.999426277
149,complete,morphological,200,6,99.03846154,100,95.23809524,1
150,complete,temporal,0,6,93.26923077,92.77108434,95.23809524,0.972461274
151,complete,temporal,500,6,93.26923077,92.77108434,95.23809524,0.989672978
152,complete,temporal,200,6,94.23076923,93.97590361,95.23809524,0.983935743
153,complete,spat_tempo,0,6,94.23076923,93.97590361,95.23809524,0.96356856
154,complete,spat_tempo,500,6,96.15384615,96.38554217,95.23809524,0.994836489
155,complete,spat_tempo,200,6,93.26923077,96.38554217,80.95238095,0.98680436
156,no_small_sample,spatial,0,6,81.96721311,93.18181818,52.94117647,0.852941176
157,no_small_sample,spatial,500,6,86.8852459,95.45454545,64.70588235,0.890374332
158,no_small_sample,spatial,200,6,86.8852459,95.45454545,64.70588235,0.922459893
159,no_small_sample,morphological,0,6,95.08196721,97.72727273,88.23529412,0.995989305
160,no_small_sample,morphological,500,6,98.36065574,100,94.11764706,1
161,no_small_sample,morphological,200,6,98.36065574,100,94.11764706,1
162,no_small_sample,temporal,0,6,90.16393443,90.90909091,88.23529412,0.977272727
163,no_small_sample,temporal,500,6,93.44262295,90.90909091,100,0.990641711
164,no_small_sample,temporal,200,6,95.08196721,95.45454545,94.11764706,0.993315508
165,no_small_sample,spat_tempo,0,6,86.8852459,86.36363636,88.23529412,0.950534759
166,no_small_sample,spat_tempo,500,6,91.80327869,93.18181818,88.23529412,0.977272727
167,no_small_sample,spat_tempo,200,6,95.08196721,95.45454545,94.11764706,0.975935829
168,complete,spatial,0,7,91.34615385,97.59036145,66.66666667,0.89902467
169,complete,spatial,500,7,87.5,91.56626506,71.42857143,0.925989673
170,complete,spatial,200,7,86.53846154,89.15662651,76.19047619,0.935742972
171,complete,morphological,0,7,98.07692308,98.79518072,95.23809524,0.998852553
172,complete,morphological,500,7,98.07692308,97.59036145,100,0.997991968
173,complete,morphological,200,7,98.07692308,97.59036145,100,0.996557659
174,complete,temporal,0,7,93.26923077,95.18072289,85.71428571,0.95697074
175,complete,temporal,500,7,94.23076923,97.59036145,80.95238095,0.986230637
176,complete,temporal,200,7,93.26923077,97.59036145,76.19047619,0.982788296
177,complete,spat_tempo,0,7,96.15384615,98.79518072,85.71428571,0.98336202
178,complete,spat_tempo,500,7,91.34615385,93.97590361,80.95238095,0.985656913
179,complete,spat_tempo,200,7,91.34615385,92.77108434,85.71428571,0.983935743
180,no_small_sample,spatial,0,7,78.68852459,90.90909091,47.05882353,0.784090909
181,no_small_sample,spatial,500,7,80.32786885,88.63636364,58.82352941,0.914438503
182,no_small_sample,spatial,200,7,83.60655738,88.63636364,70.58823529,0.909090909
183,no_small_sample,morphological,0,7,100,100,100,1
184,no_small_sample,morphological,500,7,100,100,100,1
185,no_small_sample,morphological,200,7,100,100,100,1
186,no_small_sample,temporal,0,7,95.08196721,97.72727273,88.23529412,0.993315508
187,no_small_sample,temporal,500,7,100,100,100,1
188,no_small_sample,temporal,200,7,98.36065574,100,94.11764706,1
189,no_small_sample,spat_tempo,0,7,95.08196721,95.45454545,94.11764706,0.993315508
190,no_small_sample,spat_tempo,500,7,98.36065574,97.72727273,100,0.993315508
191,no_small_sample,spat_tempo,200,7,96.72131148,95.45454545,100,0.997326203
192,complete,spatial,0,8,90.38461538,95.18072289,71.42857143,0.941480207
193,complete,spatial,500,8,94.23076923,96.38554217,85.71428571,0.98680436
194,complete,spatial,200,8,95.19230769,96.38554217,90.47619048,0.990246701
195,complete,morphological,0,8,99.03846154,98.79518072,100,0.997705106
196,complete,morphological,500,8,99.03846154,98.79518072,100,0.997131383
197,complete,morphological,200,8,99.03846154,98.79518072,100,0.997705106
198,complete,temporal,0,8,93.26923077,95.18072289,85.71428571,0.966150316
199,complete,temporal,500,8,94.23076923,100,71.42857143,0.982788296
200,complete,temporal,200,8,94.23076923,100,71.42857143,0.987951807
201,complete,spat_tempo,0,8,91.34615385,96.38554217,71.42857143,0.960126219
202,complete,spat_tempo,500,8,94.23076923,98.79518072,76.19047619,0.983935743
203,complete,spat_tempo,200,8,95.19230769,98.79518072,80.95238095,0.991967871
204,no_small_sample,spatial,0,8,86.8852459,95.45454545,64.70588235,0.89973262
205,no_small_sample,spatial,500,8,83.60655738,88.63636364,70.58823529,0.939839572
206,no_small_sample,spatial,200,8,88.52459016,90.90909091,82.35294118,0.963903743
207,no_small_sample,morphological,0,8,100,100,100,1
208,no_small_sample,morphological,500,8,98.36065574,100,94.11764706,1
209,no_small_sample,morphological,200,8,98.36065574,100,94.11764706,1
210,no_small_sample,temporal,0,8,93.44262295,95.45454545,88.23529412,0.993315508
211,no_small_sample,temporal,500,8,98.36065574,97.72727273,100,0.997326203
212,no_small_sample,temporal,200,8,98.36065574,97.72727273,100,0.997326203
213,no_small_sample,spat_tempo,0,8,95.08196721,97.72727273,88.23529412,0.993315508
214,no_small_sample,spat_tempo,500,8,90.16393443,93.18181818,82.35294118,0.977272727
215,no_small_sample,spat_tempo,200,8,95.08196721,93.18181818,100,0.978609626
216,complete,spatial,0,9,88.46153846,96.38554217,57.14285714,0.905335628
217,complete,spatial,500,9,90.38461538,93.97590361,76.19047619,0.926563396
218,complete,spatial,200,9,87.5,90.36144578,76.19047619,0.939759036
219,complete,morphological,0,9,100,100,100,1
220,complete,morphological,500,9,100,100,100,1
221,complete,morphological,200,9,100,100,100,1
222,complete,temporal,0,9,94.23076923,96.38554217,85.71428571,0.969879518
223,complete,temporal,500,9,92.30769231,93.97590361,85.71428571,0.98336202
224,complete,temporal,200,9,94.23076923,96.38554217,85.71428571,0.983935743
225,complete,spat_tempo,0,9,93.26923077,93.97590361,90.47619048,0.982214573
226,complete,spat_tempo,500,9,95.19230769,96.38554217,90.47619048,0.990246701
227,complete,spat_tempo,200,9,97.11538462,98.79518072,90.47619048,0.994262765
228,no_small_sample,spatial,0,9,73.7704918,84.09090909,47.05882353,0.796791444
229,no_small_sample,spatial,500,9,72.13114754,75,64.70588235,0.847593583
230,no_small_sample,spatial,200,9,77.04918033,77.27272727,76.47058824,0.842245989
231,no_small_sample,morphological,0,9,98.36065574,100,94.11764706,1
232,no_small_sample,morphological,500,9,100,100,100,1
233,no_small_sample,morphological,200,9,100,100,100,1
234,no_small_sample,temporal,0,9,93.44262295,97.72727273,82.35294118,0.955882353
235,no_small_sample,temporal,500,9,91.80327869,97.72727273,76.47058824,0.963903743
236,no_small_sample,temporal,200,9,91.80327869,97.72727273,76.47058824,0.957219251
237,no_small_sample,spat_tempo,0,9,90.16393443,93.18181818,82.35294118,0.972593583
238,no_small_sample,spat_tempo,500,9,90.16393443,93.18181818,82.35294118,0.941176471
239,no_small_sample,spat_tempo,200,9,88.52459016,93.18181818,76.47058824,0.938502674
240,complete,spatial,0,10,87.5,97.59036145,47.61904762,0.843947217
241,complete,spatial,500,10,87.5,97.59036145,47.61904762,0.855421687
242,complete,spatial,200,10,86.53846154,93.97590361,57.14285714,0.877223178
243,complete,morphological,0,10,97.11538462,98.79518072,90.47619048,0.969592656
244,complete,morphological,500,10,97.11538462,98.79518072,90.47619048,0.983935743
245,complete,morphological,200,10,96.15384615,97.59036145,90.47619048,0.95697074
246,complete,temporal,0,10,91.34615385,96.38554217,71.42857143,0.91881813
247,complete,temporal,500,10,93.26923077,97.59036145,76.19047619,0.962134251
248,complete,temporal,200,10,93.26923077,97.59036145,76.19047619,0.963855422
249,complete,spat_tempo,0,10,92.30769231,95.18072289,80.95238095,0.952380952
250,complete,spat_tempo,500,10,89.42307692,96.38554217,61.9047619,0.94033276
251,complete,spat_tempo,200,10,92.30769231,97.59036145,71.42857143,0.939185313
252,no_small_sample,spatial,0,10,90.16393443,97.72727273,70.58823529,0.961229947
253,no_small_sample,spatial,500,10,91.80327869,97.72727273,76.47058824,0.975935829
254,no_small_sample,spatial,200,10,91.80327869,97.72727273,76.47058824,0.973262032
255,no_small_sample,morphological,0,10,100,100,100,1
256,no_small_sample,morphological,500,10,100,100,100,1
257,no_small_sample,morphological,200,10,100,100,100,1
258,no_small_sample,temporal,0,10,88.52459016,88.63636364,88.23529412,0.96657754
259,no_small_sample,temporal,500,10,88.52459016,93.18181818,76.47058824,0.962566845
260,no_small_sample,temporal,200,10,90.16393443,93.18181818,82.35294118,0.967914439
261,no_small_sample,spat_tempo,0,10,91.80327869,90.90909091,94.11764706,0.970588235
262,no_small_sample,spat_tempo,500,10,95.08196721,95.45454545,94.11764706,0.990641711
263,no_small_sample,spat_tempo,200,10,96.72131148,100,88.23529412,0.998663102
264,complete,spatial,0,11,91.34615385,96.38554217,71.42857143,0.921399885
265,complete,spatial,500,11,91.34615385,92.77108434,85.71428571,0.918531268
266,complete,spatial,200,11,89.42307692,90.36144578,85.71428571,0.929432014
267,complete,morphological,0,11,99.03846154,100,95.23809524,0.998852553
268,complete,morphological,500,11,99.03846154,100,95.23809524,0.99827883
269,complete,morphological,200,11,99.03846154,100,95.23809524,0.999426277
270,complete,temporal,0,11,94.23076923,96.38554217,85.71428571,0.979919679
271,complete,temporal,500,11,96.15384615,98.79518072,85.71428571,0.993689042
272,complete,temporal,200,11,96.15384615,98.79518072,85.71428571,0.994836489
273,complete,spat_tempo,0,11,95.19230769,98.79518072,80.95238095,0.987378084
274,complete,spat_tempo,500,11,93.26923077,93.97590361,90.47619048,0.983935743
275,complete,spat_tempo,200,11,94.23076923,96.38554217,85.71428571,0.979919679
276,no_small_sample,spatial,0,11,86.8852459,95.45454545,64.70588235,0.860962567
277,no_small_sample,spatial,500,11,83.60655738,84.09090909,82.35294118,0.95855615
278,no_small_sample,spatial,200,11,88.52459016,86.36363636,94.11764706,0.970588235
279,no_small_sample,morphological,0,11,100,100,100,1
280,no_small_sample,morphological,500,11,95.08196721,95.45454545,94.11764706,0.998663102
281,no_small_sample,morphological,200,11,95.08196721,95.45454545,94.11764706,0.997326203
282,no_small_sample,temporal,0,11,90.16393443,93.18181818,82.35294118,0.973930481
283,no_small_sample,temporal,500,11,93.44262295,93.18181818,94.11764706,0.967914439
284,no_small_sample,temporal,200,11,96.72131148,97.72727273,94.11764706,0.959893048
285,no_small_sample,spat_tempo,0,11,88.52459016,86.36363636,94.11764706,0.961229947
286,no_small_sample,spat_tempo,500,11,91.80327869,93.18181818,88.23529412,0.971925134
287,no_small_sample,spat_tempo,200,11,93.44262295,95.45454545,88.23529412,0.967914439
288,complete,spatial,0,12,88.46153846,97.59036145,52.38095238,0.929432014
289,complete,spatial,500,12,91.34615385,95.18072289,76.19047619,0.947217441
290,complete,spatial,200,12,92.30769231,95.18072289,80.95238095,0.960986804
291,complete,morphological,0,12,98.07692308,100,90.47619048,1
292,complete,morphological,500,12,99.03846154,100,95.23809524,1
293,complete,morphological,200,12,99.03846154,100,95.23809524,1
294,complete,temporal,0,12,93.26923077,96.38554217,80.95238095,0.97016638
295,complete,temporal,500,12,92.30769231,96.38554217,76.19047619,0.972461274
296,complete,temporal,200,12,92.30769231,100,61.9047619,0.966150316
297,complete,spat_tempo,0,12,96.15384615,98.79518072,85.71428571,0.980780264
298,complete,spat_tempo,500,12,94.23076923,95.18072289,90.47619048,0.981067126
299,complete,spat_tempo,200,12,96.15384615,97.59036145,90.47619048,0.974756168
300,no_small_sample,spatial,0,12,85.24590164,97.72727273,52.94117647,0.874331551
301,no_small_sample,spatial,500,12,83.60655738,90.90909091,64.70588235,0.872994652
302,no_small_sample,spatial,200,12,80.32786885,88.63636364,58.82352941,0.871657754
303,no_small_sample,morphological,0,12,95.08196721,97.72727273,88.23529412,0.989304813
304,no_small_sample,morphological,500,12,98.36065574,97.72727273,100,0.985294118
305,no_small_sample,morphological,200,12,96.72131148,97.72727273,94.11764706,0.994652406
306,no_small_sample,temporal,0,12,98.36065574,100,94.11764706,0.989304813
307,no_small_sample,temporal,500,12,98.36065574,100,94.11764706,0.97459893
308,no_small_sample,temporal,200,12,96.72131148,100,88.23529412,0.970588235
309,no_small_sample,spat_tempo,0,12,96.72131148,97.72727273,94.11764706,0.989304813
310,no_small_sample,spat_tempo,500,12,95.08196721,97.72727273,88.23529412,0.977272727
311,no_small_sample,spat_tempo,200,12,95.08196721,97.72727273,88.23529412,0.973262032
312,complete,spatial,0,13,85.57692308,93.97590361,52.38095238,0.894434882
313,complete,spatial,500,13,84.61538462,90.36144578,61.9047619,0.887550201
314,complete,spatial,200,13,87.5,90.36144578,76.19047619,0.920252438
315,complete,morphological,0,13,99.03846154,98.79518072,100,0.997131383
316,complete,morphological,500,13,99.03846154,98.79518072,100,0.997705106
317,complete,morphological,200,13,98.07692308,98.79518072,95.23809524,0.997131383
318,complete,temporal,0,13,90.38461538,92.77108434,80.95238095,0.927423982
319,complete,temporal,500,13,93.26923077,95.18072289,85.71428571,0.969592656
320,complete,temporal,200,13,96.15384615,97.59036145,90.47619048,0.974182444
321,complete,spat_tempo,0,13,93.26923077,95.18072289,85.71428571,0.975616753
322,complete,spat_tempo,500,13,93.26923077,93.97590361,90.47619048,0.982788296
323,complete,spat_tempo,200,13,94.23076923,95.18072289,90.47619048,0.98336202
324,no_small_sample,spatial,0,13,90.16393443,93.18181818,82.35294118,0.952540107
325,no_small_sample,spatial,500,13,85.24590164,84.09090909,88.23529412,0.946524064
326,no_small_sample,spatial,200,13,86.8852459,84.09090909,94.11764706,0.946524064
327,no_small_sample,morphological,0,13,100,100,100,1
328,no_small_sample,morphological,500,13,100,100,100,1
329,no_small_sample,morphological,200,13,98.36065574,97.72727273,100,1
330,no_small_sample,temporal,0,13,96.72131148,97.72727273,94.11764706,0.998663102
331,no_small_sample,temporal,500,13,96.72131148,95.45454545,100,0.995989305
332,no_small_sample,temporal,200,13,98.36065574,97.72727273,100,0.997326203
333,no_small_sample,spat_tempo,0,13,90.16393443,86.36363636,100,0.989304813
334,no_small_sample,spat_tempo,500,13,95.08196721,93.18181818,100,0.998663102
335,no_small_sample,spat_tempo,200,13,95.08196721,93.18181818,100,0.995989305
336,complete,spatial,0,14,89.42307692,98.79518072,52.38095238,0.887550201
337,complete,spatial,500,14,91.34615385,97.59036145,66.66666667,0.928284567
338,complete,spatial,200,14,89.42307692,95.18072289,66.66666667,0.905909352
339,complete,morphological,0,14,99.03846154,98.79518072,100,1
340,complete,morphological,500,14,99.03846154,98.79518072,100,1
341,complete,morphological,200,14,98.07692308,98.79518072,95.23809524,1
342,complete,temporal,0,14,95.19230769,97.59036145,85.71428571,0.975329891
343,complete,temporal,500,14,94.23076923,98.79518072,76.19047619,0.988525531
344,complete,temporal,200,14,93.26923077,98.79518072,71.42857143,0.983935743
345,complete,spat_tempo,0,14,96.15384615,100,80.95238095,0.981640849
346,complete,spat_tempo,500,14,96.15384615,97.59036145,90.47619048,0.993689042
347,complete,spat_tempo,200,14,94.23076923,97.59036145,80.95238095,0.987951807
348,no_small_sample,spatial,0,14,88.52459016,90.90909091,82.35294118,0.901069519
349,no_small_sample,spatial,500,14,95.08196721,95.45454545,94.11764706,0.967914439
350,no_small_sample,spatial,200,14,88.52459016,88.63636364,88.23529412,0.959893048
351,no_small_sample,morphological,0,14,100,100,100,1
352,no_small_sample,morphological,500,14,100,100,100,1
353,no_small_sample,morphological,200,14,100,100,100,1
354,no_small_sample,temporal,0,14,93.44262295,93.18181818,94.11764706,0.969919786
355,no_small_sample,temporal,500,14,96.72131148,95.45454545,100,0.983957219
356,no_small_sample,temporal,200,14,90.16393443,95.45454545,76.47058824,0.978609626
357,no_small_sample,spat_tempo,0,14,90.16393443,90.90909091,88.23529412,0.957887701
358,no_small_sample,spat_tempo,500,14,96.72131148,95.45454545,100,1
359,no_small_sample,spat_tempo,200,14,98.36065574,97.72727273,100,0.995989305
360,complete,spatial,0,15,89.42307692,96.38554217,61.9047619,0.862880092
361,complete,spatial,500,15,86.53846154,90.36144578,71.42857143,0.866322433
362,complete,spatial,200,15,86.53846154,90.36144578,71.42857143,0.845668388
363,complete,morphological,0,15,98.07692308,98.79518072,95.23809524,0.988238669
364,complete,morphological,500,15,98.07692308,98.79518072,95.23809524,0.987378084
365,complete,morphological,200,15,98.07692308,98.79518072,95.23809524,0.98508319
366,complete,temporal,0,15,93.26923077,98.79518072,71.42857143,0.960699943
367,complete,temporal,500,15,98.07692308,100,90.47619048,0.982788296
368,complete,temporal,200,15,94.23076923,100,71.42857143,0.98336202
369,complete,spat_tempo,0,15,96.15384615,97.59036145,90.47619048,0.957544464
370,complete,spat_tempo,500,15,96.15384615,98.79518072,85.71428571,0.973608721
371,complete,spat_tempo,200,15,95.19230769,98.79518072,80.95238095,0.965576592
372,no_small_sample,spatial,0,15,83.60655738,95.45454545,52.94117647,0.885026738
373,no_small_sample,spatial,500,15,90.16393443,95.45454545,76.47058824,0.918449198
374,no_small_sample,spatial,200,15,85.24590164,88.63636364,76.47058824,0.955882353
375,no_small_sample,morphological,0,15,98.36065574,100,94.11764706,1
376,no_small_sample,morphological,500,15,100,100,100,1
377,no_small_sample,morphological,200,15,98.36065574,100,94.11764706,1
378,no_small_sample,temporal,0,15,88.52459016,93.18181818,76.47058824,0.95855615
379,no_small_sample,temporal,500,15,91.80327869,95.45454545,82.35294118,0.95855615
380,no_small_sample,temporal,200,15,90.16393443,95.45454545,76.47058824,0.951871658
381,no_small_sample,spat_tempo,0,15,90.16393443,95.45454545,76.47058824,0.965240642
382,no_small_sample,spat_tempo,500,15,88.52459016,90.90909091,82.35294118,0.965240642
383,no_small_sample,spat_tempo,200,15,90.16393443,93.18181818,82.35294118,0.959893048
384,complete,spatial,0,16,92.30769231,100,61.9047619,0.885255307
385,complete,spatial,500,16,90.38461538,95.18072289,71.42857143,0.921399885
386,complete,spatial,200,16,88.46153846,91.56626506,76.19047619,0.943201377
387,complete,morphological,0,16,100,100,100,1
388,complete,morphological,500,16,99.03846154,98.79518072,100,0.998852553
389,complete,morphological,200,16,99.03846154,98.79518072,100,1
390,complete,temporal,0,16,93.26923077,95.18072289,85.71428571,0.990246701
391,complete,temporal,500,16,96.15384615,98.79518072,85.71428571,0.993115318
392,complete,temporal,200,16,95.19230769,98.79518072,80.95238095,0.993115318
393,complete,spat_tempo,0,16,96.15384615,100,80.95238095,0.997131383
394,complete,spat_tempo,500,16,95.19230769,98.79518072,80.95238095,0.993115318
395,complete,spat_tempo,200,16,96.15384615,98.79518072,85.71428571,0.991967871
396,no_small_sample,spatial,0,16,86.8852459,97.72727273,58.82352941,0.887032086
397,no_small_sample,spatial,500,16,86.8852459,88.63636364,82.35294118,0.89973262
398,no_small_sample,spatial,200,16,81.96721311,84.09090909,76.47058824,0.897058824
399,no_small_sample,morphological,0,16,95.08196721,97.72727273,88.23529412,0.995989305
400,no_small_sample,morphological,500,16,96.72131148,97.72727273,94.11764706,0.997326203
401,no_small_sample,morphological,200,16,98.36065574,100,94.11764706,0.997326203
402,no_small_sample,temporal,0,16,95.08196721,95.45454545,94.11764706,0.995989305
403,no_small_sample,temporal,500,16,96.72131148,100,88.23529412,1
404,no_small_sample,temporal,200,16,95.08196721,100,82.35294118,1
405,no_small_sample,spat_tempo,0,16,91.80327869,90.90909091,94.11764706,0.986631016
406,no_small_sample,spat_tempo,500,16,93.44262295,97.72727273,82.35294118,0.987967914
407,no_small_sample,spat_tempo,200,16,96.72131148,97.72727273,94.11764706,0.985294118
408,complete,spatial,0,17,90.38461538,97.59036145,61.9047619,0.894434882
409,complete,spatial,500,17,91.34615385,96.38554217,71.42857143,0.931726908
410,complete,spatial,200,17,89.42307692,95.18072289,66.66666667,0.936890419
411,complete,morphological,0,17,100,100,100,1
412,complete,morphological,500,17,100,100,100,1
413,complete,morphological,200,17,100,100,100,1
414,complete,temporal,0,17,90.38461538,92.77108434,80.95238095,0.946643718
415,complete,temporal,500,17,93.26923077,95.18072289,85.71428571,0.988525531
416,complete,temporal,200,17,94.23076923,96.38554217,85.71428571,0.984509466
417,complete,spat_tempo,0,17,98.07692308,100,90.47619048,0.989099254
418,complete,spat_tempo,500,17,94.23076923,96.38554217,85.71428571,0.990246701
419,complete,spat_tempo,200,17,96.15384615,97.59036145,90.47619048,0.989672978
420,no_small_sample,spatial,0,17,88.52459016,95.45454545,70.58823529,0.937165775
421,no_small_sample,spatial,500,17,90.16393443,93.18181818,82.35294118,0.967914439
422,no_small_sample,spatial,200,17,95.08196721,97.72727273,88.23529412,0.979946524
423,no_small_sample,morphological,0,17,100,100,100,1
424,no_small_sample,morphological,500,17,100,100,100,1
425,no_small_sample,morphological,200,17,100,100,100,1
426,no_small_sample,temporal,0,17,93.44262295,93.18181818,94.11764706,0.986631016
427,no_small_sample,temporal,500,17,95.08196721,95.45454545,94.11764706,0.994652406
428,no_small_sample,temporal,200,17,95.08196721,95.45454545,94.11764706,0.989304813
429,no_small_sample,spat_tempo,0,17,96.72131148,95.45454545,100,0.995989305
430,no_small_sample,spat_tempo,500,17,96.72131148,97.72727273,94.11764706,0.998663102
431,no_small_sample,spat_tempo,200,17,98.36065574,100,94.11764706,0.998663102
432,complete,spatial,0,18,98.07692308,100,90.47619048,0.98508319
433,complete,spatial,500,18,92.30769231,92.77108434,90.47619048,0.978198508
434,complete,spatial,200,18,90.38461538,91.56626506,85.71428571,0.966724039
435,complete,morphological,0,18,100,100,100,1
436,complete,morphological,500,18,100,100,100,1
437,complete,morphological,200,18,99.03846154,100,95.23809524,1
438,complete,temporal,0,18,93.26923077,97.59036145,76.19047619,0.959839357
439,complete,temporal,500,18,94.23076923,97.59036145,80.95238095,0.991967871
440,complete,temporal,200,18,95.19230769,97.59036145,85.71428571,0.990820425
441,complete,spat_tempo,0,18,95.19230769,96.38554217,90.47619048,0.989672978
442,complete,spat_tempo,500,18,94.23076923,96.38554217,85.71428571,0.990820425
443,complete,spat_tempo,200,18,95.19230769,96.38554217,90.47619048,0.994262765
444,no_small_sample,spatial,0,18,77.04918033,93.18181818,35.29411765,0.786096257
445,no_small_sample,spatial,500,18,80.32786885,90.90909091,52.94117647,0.843582888
446,no_small_sample,spatial,200,18,81.96721311,90.90909091,58.82352941,0.877005348
447,no_small_sample,morphological,0,18,98.36065574,100,94.11764706,0.996657754
448,no_small_sample,morphological,500,18,98.36065574,97.72727273,100,0.998663102
449,no_small_sample,morphological,200,18,96.72131148,95.45454545,100,0.997326203
450,no_small_sample,temporal,0,18,95.08196721,97.72727273,88.23529412,0.959893048
451,no_small_sample,temporal,500,18,96.72131148,97.72727273,94.11764706,0.989304813
452,no_small_sample,temporal,200,18,93.44262295,97.72727273,82.35294118,0.983957219
453,no_small_sample,spat_tempo,0,18,95.08196721,97.72727273,88.23529412,0.956550802
454,no_small_sample,spat_tempo,500,18,93.44262295,97.72727273,82.35294118,0.994652406
455,no_small_sample,spat_tempo,200,18,91.80327869,97.72727273,76.47058824,0.99197861
456,complete,spatial,0,19,94.23076923,98.79518072,76.19047619,0.981067126
457,complete,spatial,500,19,93.26923077,92.77108434,95.23809524,0.963855422
458,complete,spatial,200,19,90.38461538,90.36144578,90.47619048,0.966150316
459,complete,morphological,0,19,100,100,100,1
460,complete,morphological,500,19,100,100,100,1
461,complete,morphological,200,19,100,100,100,1
462,complete,temporal,0,19,93.26923077,93.97590361,90.47619048,0.971313827
463,complete,temporal,500,19,95.19230769,96.38554217,90.47619048,0.982214573
464,complete,temporal,200,19,92.30769231,96.38554217,76.19047619,0.978198508
465,complete,spat_tempo,0,19,94.23076923,95.18072289,90.47619048,0.985370052
466,complete,spat_tempo,500,19,93.26923077,93.97590361,90.47619048,0.990820425
467,complete,spat_tempo,200,19,94.23076923,93.97590361,95.23809524,0.988525531
468,no_small_sample,spatial,0,19,91.80327869,100,70.58823529,0.924465241
469,no_small_sample,spatial,500,19,83.60655738,88.63636364,70.58823529,0.917112299
470,no_small_sample,spatial,200,19,83.60655738,84.09090909,82.35294118,0.913101604
471,no_small_sample,morphological,0,19,98.36065574,100,94.11764706,1
472,no_small_sample,morphological,500,19,98.36065574,97.72727273,100,0.998663102
473,no_small_sample,morphological,200,19,100,100,100,1
474,no_small_sample,temporal,0,19,83.60655738,84.09090909,82.35294118,0.932486631
475,no_small_sample,temporal,500,19,90.16393443,90.90909091,88.23529412,0.950534759
476,no_small_sample,temporal,200,19,86.8852459,90.90909091,76.47058824,0.937165775
477,no_small_sample,spat_tempo,0,19,85.24590164,86.36363636,82.35294118,0.954545455
478,no_small_sample,spat_tempo,500,19,90.16393443,93.18181818,82.35294118,0.96657754
479,no_small_sample,spat_tempo,200,19,90.16393443,93.18181818,82.35294118,0.954545455
480,complete,spatial,0,20,89.42307692,98.79518072,52.38095238,0.868617326
481,complete,spatial,500,20,90.38461538,95.18072289,71.42857143,0.895008606
482,complete,spatial,200,20,90.38461538,95.18072289,71.42857143,0.908204246
483,complete,morphological,0,20,98.07692308,100,90.47619048,0.99827883
484,complete,morphological,500,20,99.03846154,100,95.23809524,0.998852553
485,complete,morphological,200,20,99.03846154,100,95.23809524,0.999426277
486,complete,temporal,0,20,93.26923077,96.38554217,80.95238095,0.975329891
487,complete,temporal,500,20,94.23076923,97.59036145,80.95238095,0.975329891
488,complete,temporal,200,20,92.30769231,97.59036145,71.42857143,0.971313827
489,complete,spat_tempo,0,20,92.30769231,93.97590361,85.71428571,0.977051061
490,complete,spat_tempo,500,20,94.23076923,96.38554217,85.71428571,0.981067126
491,complete,spat_tempo,200,20,94.23076923,96.38554217,85.71428571,0.975903614
492,no_small_sample,spatial,0,20,85.24590164,97.72727273,52.94117647,0.926470588
493,no_small_sample,spatial,500,20,85.24590164,93.18181818,64.70588235,0.951871658
494,no_small_sample,spatial,200,20,86.8852459,88.63636364,82.35294118,0.953208556
495,no_small_sample,morphological,0,20,96.72131148,97.72727273,94.11764706,0.996657754
496,no_small_sample,morphological,500,20,96.72131148,97.72727273,94.11764706,0.995989305
497,no_small_sample,morphological,200,20,96.72131148,97.72727273,94.11764706,0.997326203
498,no_small_sample,temporal,0,20,91.80327869,95.45454545,82.35294118,0.94986631
499,no_small_sample,temporal,500,20,95.08196721,100,82.35294118,0.979946524
500,no_small_sample,temporal,200,20,95.08196721,100,82.35294118,0.967914439
501,no_small_sample,spat_tempo,0,20,90.16393443,100,64.70588235,0.937165775
502,no_small_sample,spat_tempo,500,20,96.72131148,100,88.23529412,0.979946524
503,no_small_sample,spat_tempo,200,20,93.44262295,97.72727273,82.35294118,0.967914439
504,complete,spatial,0,21,86.53846154,96.38554217,47.61904762,0.847963282
505,complete,spatial,500,21,83.65384615,89.15662651,61.9047619,0.895582329
506,complete,spatial,200,21,85.57692308,90.36144578,66.66666667,0.899598394
507,complete,morphological,0,21,98.07692308,98.79518072,95.23809524,0.967010901
508,complete,morphological,500,21,96.15384615,96.38554217,95.23809524,0.988525531
509,complete,morphological,200,21,96.15384615,96.38554217,95.23809524,0.982788296
510,complete,temporal,0,21,94.23076923,96.38554217,85.71428571,0.956110155
511,complete,temporal,500,21,97.11538462,97.59036145,95.23809524,0.976477338
512,complete,temporal,200,21,96.15384615,97.59036145,90.47619048,0.981067126
513,complete,spat_tempo,0,21,96.15384615,97.59036145,90.47619048,0.956110155
514,complete,spat_tempo,500,21,95.19230769,95.18072289,95.23809524,0.967871486
515,complete,spat_tempo,200,21,97.11538462,97.59036145,95.23809524,0.965576592
516,no_small_sample,spatial,0,21,83.60655738,93.18181818,58.82352941,0.863636364
517,no_small_sample,spatial,500,21,85.24590164,88.63636364,76.47058824,0.910427807
518,no_small_sample,spatial,200,21,86.8852459,90.90909091,76.47058824,0.935828877
519,no_small_sample,morphological,0,21,100,100,100,1
520,no_small_sample,morphological,500,21,100,100,100,1
521,no_small_sample,morphological,200,21,100,100,100,1
522,no_small_sample,temporal,0,21,91.80327869,88.63636364,100,0.981283422
523,no_small_sample,temporal,500,21,95.08196721,93.18181818,100,0.983957219
524,no_small_sample,temporal,200,21,95.08196721,93.18181818,100,0.983957219
525,no_small_sample,spat_tempo,0,21,93.44262295,90.90909091,100,0.993315508
526,no_small_sample,spat_tempo,500,21,91.80327869,88.63636364,100,0.994652406
527,no_small_sample,spat_tempo,200,21,90.16393443,86.36363636,100,0.993315508
528,complete,spatial,0,22,87.5,95.18072289,57.14285714,0.874928285
529,complete,spatial,500,22,86.53846154,92.77108434,61.9047619,0.92713712
530,complete,spatial,200,22,87.5,93.97590361,61.9047619,0.932874355
531,complete,morphological,0,22,100,100,100,1
532,complete,morphological,500,22,100,100,100,1
533,complete,morphological,200,22,100,100,100,1
534,complete,temporal,0,22,94.23076923,95.18072289,90.47619048,0.981927711
535,complete,temporal,500,22,94.23076923,97.59036145,80.95238095,0.979919679
536,complete,temporal,200,22,96.15384615,97.59036145,90.47619048,0.98336202
537,complete,spat_tempo,0,22,95.19230769,97.59036145,85.71428571,0.990246701
538,complete,spat_tempo,500,22,98.07692308,98.79518072,95.23809524,0.992541595
539,complete,spat_tempo,200,22,97.11538462,97.59036145,95.23809524,0.994262765
540,no_small_sample,spatial,0,22,81.96721311,90.90909091,58.82352941,0.870320856
541,no_small_sample,spatial,500,22,86.8852459,93.18181818,70.58823529,0.922459893
542,no_small_sample,spatial,200,22,86.8852459,86.36363636,88.23529412,0.93315508
543,no_small_sample,morphological,0,22,98.36065574,100,94.11764706,1
544,no_small_sample,morphological,500,22,100,100,100,1
545,no_small_sample,morphological,200,22,100,100,100,1
546,no_small_sample,temporal,0,22,85.24590164,86.36363636,82.35294118,0.96657754
547,no_small_sample,temporal,500,22,93.44262295,97.72727273,82.35294118,0.987967914
548,no_small_sample,temporal,200,22,95.08196721,100,82.35294118,0.990641711
549,no_small_sample,spat_tempo,0,22,86.8852459,90.90909091,76.47058824,0.932486631
550,no_small_sample,spat_tempo,500,22,93.44262295,95.45454545,88.23529412,0.989304813
551,no_small_sample,spat_tempo,200,22,91.80327869,95.45454545,82.35294118,0.990641711
552,complete,spatial,0,23,88.46153846,96.38554217,57.14285714,0.890992542
553,complete,spatial,500,23,88.46153846,95.18072289,61.9047619,0.904761905
554,complete,spatial,200,23,84.61538462,92.77108434,52.38095238,0.911646586
555,complete,morphological,0,23,98.07692308,97.59036145,100,1
556,complete,morphological,500,23,98.07692308,97.59036145,100,1
557,complete,morphological,200,23,98.07692308,97.59036145,100,1
558,complete,temporal,0,23,92.30769231,93.97590361,85.71428571,0.968732071
559,complete,temporal,500,23,93.26923077,96.38554217,80.95238095,0.982214573
560,complete,temporal,200,23,89.42307692,96.38554217,61.9047619,0.976477338
561,complete,spat_tempo,0,23,93.26923077,96.38554217,80.95238095,0.980493402
562,complete,spat_tempo,500,23,94.23076923,96.38554217,85.71428571,0.991394148
563,complete,spat_tempo,200,23,91.34615385,95.18072289,76.19047619,0.98680436
564,no_small_sample,spatial,0,23,81.96721311,90.90909091,58.82352941,0.903074866
565,no_small_sample,spatial,500,23,88.52459016,88.63636364,88.23529412,0.947860963
566,no_small_sample,spatial,200,23,90.16393443,90.90909091,88.23529412,0.971925134
567,no_small_sample,morphological,0,23,98.36065574,100,94.11764706,1
568,no_small_sample,morphological,500,23,100,100,100,1
569,no_small_sample,morphological,200,23,98.36065574,100,94.11764706,1
570,no_small_sample,temporal,0,23,91.80327869,97.72727273,76.47058824,0.968582888
571,no_small_sample,temporal,500,23,96.72131148,97.72727273,94.11764706,0.97459893
572,no_small_sample,temporal,200,23,95.08196721,95.45454545,94.11764706,0.959893048
573,no_small_sample,spat_tempo,0,23,93.44262295,97.72727273,82.35294118,0.979946524
574,no_small_sample,spat_tempo,500,23,98.36065574,100,94.11764706,0.981283422
575,no_small_sample,spat_tempo,200,23,96.72131148,97.72727273,94.11764706,0.971925134
576,complete,spatial,0,24,89.42307692,97.59036145,57.14285714,0.905335628
577,complete,spatial,500,24,85.57692308,91.56626506,61.9047619,0.908777969
578,complete,spatial,200,24,85.57692308,90.36144578,66.66666667,0.919678715
579,complete,morphological,0,24,99.03846154,100,95.23809524,0.997418244
580,complete,morphological,500,24,99.03846154,100,95.23809524,0.995410212
581,complete,morphological,200,24,98.07692308,100,90.47619048,0.995410212
582,complete,temporal,0,24,90.38461538,93.97590361,76.19047619,0.972748135
583,complete,temporal,500,24,93.26923077,95.18072289,85.71428571,0.981067126
584,complete,temporal,200,24,93.26923077,95.18072289,85.71428571,0.972461274
585,complete,spat_tempo,0,24,95.19230769,97.59036145,85.71428571,0.981067126
586,complete,spat_tempo,500,24,94.23076923,93.97590361,95.23809524,0.972461274
587,complete,spat_tempo,200,24,94.23076923,95.18072289,90.47619048,0.969592656
588,no_small_sample,spatial,0,24,88.52459016,97.72727273,64.70588235,0.898395722
589,no_small_sample,spatial,500,24,88.52459016,93.18181818,76.47058824,0.901069519
590,no_small_sample,spatial,200,24,86.8852459,88.63636364,82.35294118,0.92513369
591,no_small_sample,morphological,0,24,96.72131148,97.72727273,94.11764706,0.995320856
592,no_small_sample,morphological,500,24,95.08196721,95.45454545,94.11764706,0.993315508
593,no_small_sample,morphological,200,24,95.08196721,95.45454545,94.11764706,0.997326203
594,no_small_sample,temporal,0,24,91.80327869,93.18181818,88.23529412,0.948529412
595,no_small_sample,temporal,500,24,93.44262295,95.45454545,88.23529412,0.950534759
596,no_small_sample,temporal,200,24,95.08196721,97.72727273,88.23529412,0.963903743
597,no_small_sample,spat_tempo,0,24,93.44262295,93.18181818,94.11764706,0.979946524
598,no_small_sample,spat_tempo,500,24,93.44262295,95.45454545,88.23529412,0.973262032
599,no_small_sample,spat_tempo,200,24,95.08196721,95.45454545,94.11764706,0.973262032
