,recording,shank,id,label,spike_prop,time_prop
0,es25nov11_3,1.0,17.0,1.0,0.9711191335740073,15.351694968790467
1,es25nov11_3,1.0,35.0,1.0,0.9758229400940504,13.036259992080966
2,es25nov11_3,1.0,34.0,1.0,0.9358403603414864,14.698726088493352
3,es25nov11_3,1.0,27.0,-1.0,0.980249729859527,15.328459692634166
4,es25nov11_3,1.0,2.0,-1.0,0.9643115505184471,15.346056654788496
5,es25nov11_3,1.0,7.0,1.0,0.9725781074398742,15.182798772730878
6,es25nov11_3,1.0,3.0,-1.0,0.9534794309880815,15.31651236322607
7,es25nov11_3,1.0,33.0,0.0,0.8236653742916791,15.327709496793569
8,es25nov11_3,1.0,12.0,0.0,0.9379482902418682,15.29968770794764
9,es25nov11_3,1.0,11.0,-1.0,0.9577187807276303,15.34248967098641
10,es25nov11_3,1.0,24.0,0.0,0.9362918595153825,15.269124729401662
11,es25nov11_3,1.0,36.0,1.0,0.966998114177953,15.344169846442739
12,es25nov11_3,1.0,16.0,-1.0,0.9640102827763496,15.319546576368026
13,es25nov11_3,1.0,10.0,-1.0,0.9832285115303984,15.304340764745625
14,es25nov11_3,1.0,25.0,-1.0,0.9587973273942093,15.259385871257644
15,es25nov11_3,1.0,22.0,-1.0,0.955845459106874,15.289883569604157
16,es25nov11_3,1.0,15.0,1.0,0.9699140401146131,15.102278805413102
17,es25nov11_3,1.0,29.0,1.0,0.9273657289002557,15.24125008423114
18,es25nov11_3,1.0,6.0,-1.0,0.9653409090909091,14.997876024476612
19,es25nov11_3,1.0,9.0,1.0,0.9739808153477219,14.406586930060442
20,es25nov11_3,1.0,28.0,0.0,0.779261099037566,15.142350318818703
21,es25nov11_3,1.0,26.0,-1.0,0.9704918032786886,14.992957108801786
22,es25nov11_3,1.0,21.0,-1.0,0.9623762376237623,15.193523151305495
23,es25nov11_3,1.0,31.0,-1.0,0.972457627118644,15.095198272810906
24,es25nov11_3,1.0,18.0,-1.0,0.9894109861019192,2.9685523168150696
25,es25nov11_3,1.0,20.0,-1.0,0.9683240545210213,2.316690041189489
26,es25nov11_3,1.0,5.0,-1.0,0.9438810006761326,1.7143959686316548
27,es25nov11_3,2.0,16.0,-1.0,0.9913119026933102,13.033303694015787
28,es25nov11_3,2.0,12.0,-1.0,0.985941150845511,15.354665744319234
29,es25nov11_3,2.0,5.0,0.0,0.8671865134486677,15.353381988138675
30,es25nov11_3,2.0,19.0,-1.0,0.9775529192835544,15.29572641068267
31,es25nov11_3,2.0,3.0,-1.0,0.979064039408867,15.202140927314389
32,es25nov11_3,3.0,10.0,-1.0,0.9850212601468883,15.318527362931254
33,es25nov11_3,3.0,9.0,0.0,0.6594810894539822,15.350538877516112
34,es25nov11_3,3.0,11.0,-1.0,0.9849381387842926,15.335455466267703
35,es25nov11_3,3.0,4.0,-1.0,0.9895537525354969,15.15070565789669
36,es25nov11_3,4.0,13.0,-1.0,0.9644951140065147,15.32646206588529
37,es25nov11_3,4.0,23.0,1.0,0.9733149750852347,15.354713125109168
38,es25nov11_3,4.0,20.0,-1.0,0.9787253895679762,15.354555189142726
39,es25nov11_3,4.0,19.0,-1.0,0.957090177673483,15.353375670700018
40,es25nov11_3,4.0,24.0,1.0,0.9770028880094128,15.35390212392149
41,es25nov11_3,4.0,21.0,0.0,0.9228992567085206,15.352051904074624
42,es25nov11_3,4.0,14.0,0.0,0.8617040042335509,15.350397261599536
43,es25nov11_3,4.0,25.0,1.0,0.963993698897307,15.352981094010522
44,es25nov11_3,4.0,17.0,1.0,0.9635963840703641,15.342691565796844
45,es25nov11_3,4.0,5.0,0.0,0.8859784283513097,15.350595997690643
46,es25nov11_3,4.0,11.0,-1.0,0.9515717926932881,15.313039351324015
47,es25nov11_3,4.0,9.0,-1.0,0.9817784256559767,14.987529639315014
48,es25nov11_3,4.0,16.0,1.0,0.9712574850299401,14.977716551266766
49,es25nov11_3,4.0,22.0,-1.0,0.9691011235955056,15.026554563716328
50,es25nov11_3,4.0,15.0,-1.0,0.9908727895037079,3.2173833274367665
51,es25nov11_5,1.0,9.0,-1.0,0.8565753178220197,8.120601524111079
52,es25nov11_5,1.0,10.0,-1.0,0.8442784976938282,8.120507642863235
53,es25nov11_5,1.0,11.0,1.0,0.7475035663338089,8.119975773061096
54,es25nov11_5,2.0,8.0,1.0,0.8342002600780234,8.007025849504595
55,es25nov11_5,2.0,11.0,1.0,0.9202247191011236,8.117861864805196
56,es25nov11_5,2.0,13.0,0.0,0.8420100074523581,8.120439788099942
57,es25nov11_5,2.0,3.0,1.0,0.9130850047755492,8.093303831693559
58,es25nov11_5,2.0,10.0,0.0,0.830637833908777,8.118778926578686
59,es25nov11_5,2.0,9.0,-1.0,0.9501845018450185,8.066923758759913
60,es25nov11_5,2.0,12.0,-1.0,0.9772727272727273,8.00351859480793
61,es25nov11_5,3.0,12.0,-1.0,0.9328335373317014,8.099666749455817
62,es25nov11_5,3.0,9.0,1.0,0.9296735905044511,8.117790106069222
63,es25nov11_5,3.0,10.0,1.0,0.8687836241962997,8.119487776475768
64,es25nov11_5,3.0,3.0,0.0,0.8045503130248893,8.11816098347407
65,es25nov11_5,3.0,2.0,1.0,0.9162173372044795,8.117006708884247
66,es25nov11_5,3.0,4.0,-1.0,0.779037935080172,8.114604278456758
67,es25nov11_5,4.0,5.0,1.0,0.9011693700490381,8.115871768254374
68,es25nov11_5,4.0,2.0,-1.0,0.9300254452926209,8.11148017079337
69,es25nov11_5,4.0,9.0,-1.0,0.9446185997910136,8.101699417899225
70,es25nov11_5,4.0,13.0,-1.0,0.9578947368421052,7.9839951992291605
71,es25nov11_5,4.0,12.0,-1.0,0.9106967615309126,7.9881363847280955
72,es25nov11_5,4.0,8.0,-1.0,0.7736686390532544,7.928947883080246
73,es25nov11_12,1.0,5.0,-1.0,0.9582575481993452,16.58275141247845
74,es25nov11_12,1.0,16.0,-1.0,0.9544411877150504,16.575437910497868
75,es25nov11_12,1.0,21.0,1.0,0.9356183804520056,16.585312324681013
76,es25nov11_12,1.0,12.0,-1.0,0.9572402044293016,16.58206784141823
77,es25nov11_12,1.0,18.0,-1.0,0.9395465994962217,16.58077206694993
78,es25nov11_12,1.0,10.0,-1.0,0.958886780518659,16.559355750214973
79,es25nov11_12,1.0,19.0,1.0,0.8943726937269373,16.563033043755265
80,es25nov11_12,1.0,6.0,-1.0,0.9359927879197656,16.581150864488226
81,es25nov11_12,1.0,17.0,-1.0,0.951974760458051,16.581998775948414
82,es25nov11_12,1.0,9.0,-1.0,0.9605528361646991,16.57538318939486
83,es25nov11_12,1.0,8.0,-1.0,0.9492145470195825,16.557481773800653
84,es25nov11_12,2.0,3.0,-1.0,0.9400705052878966,16.582606374991844
85,es25nov11_12,2.0,4.0,-1.0,0.9661861074705111,16.5792372197015
86,es25nov11_12,2.0,7.0,-1.0,0.9616708744549002,16.56817611907417
87,es25nov11_12,2.0,8.0,-1.0,0.9383420872345284,16.56813344015564
88,es25nov11_12,2.0,9.0,-1.0,0.9432397959183674,16.56242633016658
89,es25nov11_12,2.0,6.0,1.0,0.9590272270684642,16.54802122116356
90,es25nov11_12,2.0,2.0,-1.0,0.9360313315926893,16.462873413974513
91,es25nov11_12,3.0,17.0,0.0,0.9218206321047061,16.58621407178947
92,es25nov11_12,3.0,2.0,-1.0,0.94859590671109,16.584705079819482
93,es25nov11_12,3.0,18.0,1.0,0.9487428187719167,16.585180746106463
94,es25nov11_12,3.0,7.0,1.0,0.9505070993914807,16.574271766603683
95,es25nov11_12,3.0,19.0,-1.0,0.9378140391025322,16.584355148105754
96,es25nov11_12,3.0,11.0,1.0,0.9188759278897137,16.585007196977188
97,es25nov11_12,3.0,6.0,1.0,0.9339184305627258,16.585496853449083
98,es25nov11_12,3.0,13.0,1.0,0.9499397566947803,16.584468486312627
99,es25nov11_12,3.0,14.0,1.0,0.9398013444366409,16.584476809587194
100,es25nov11_12,3.0,8.0,1.0,0.951731761238025,16.581756161349322
101,es25nov11_12,3.0,9.0,1.0,0.9395519505600618,16.578075325990067
102,es25nov11_12,3.0,5.0,1.0,0.9707112970711297,16.575488558509065
103,es25nov11_12,3.0,10.0,-1.0,0.9680851063829787,16.564540796088615
104,es25nov11_12,3.0,12.0,1.0,0.9448655383656941,16.525440354352952
105,es25nov11_12,3.0,4.0,1.0,0.960093896713615,16.403780643818727
106,es25nov11_12,4.0,7.0,-1.0,0.9375,16.57930345171614
107,es25nov11_9,1.0,2.0,-1.0,0.8160054719562243,5.243121386012564
108,es25nov11_9,1.0,9.0,-1.0,0.8102766798418972,5.198764073877103
109,es25nov11_9,2.0,7.0,-1.0,0.8392969240426867,5.24349142063985
110,es25nov11_9,2.0,4.0,-1.0,0.8692170818505338,5.256360722525298
111,es25nov11_9,2.0,5.0,-1.0,0.7649202733485193,5.258446943210391
112,es25nov11_9,2.0,10.0,-1.0,0.8580645161290322,5.2455229473807385
113,es25nov11_9,2.0,3.0,-1.0,0.8250381679389313,5.255460496840813
114,es25nov11_9,2.0,9.0,-1.0,0.8083333333333333,5.249177497288833
115,es25nov11_9,2.0,2.0,-1.0,0.9190074906367042,5.231540139597765
116,es25nov11_9,2.0,11.0,-1.0,0.7998046875,5.23860900476908
117,es25nov11_9,3.0,4.0,-1.0,0.8949858088930936,5.243322890017521
118,es25nov11_9,3.0,2.0,-1.0,0.8188010899182562,5.247475704374237
119,es25nov11_9,3.0,3.0,-1.0,0.8164874551971326,5.227870934852947
120,es25nov11_9,4.0,11.0,-1.0,0.8509174311926605,5.253003718141409
121,es25nov11_9,4.0,2.0,-1.0,0.8671433948061724,5.257117278471185
122,es25nov11_9,4.0,19.0,-1.0,0.8395061728395061,5.204321659011237
123,es25nov11_9,4.0,14.0,-1.0,0.8634471273938384,5.229504164067155
124,es25nov11_9,4.0,12.0,-1.0,0.8472850678733032,5.230694346163969
125,es25nov11_9,4.0,17.0,0.0,0.6321571668605402,5.217798613233714
126,es25nov11_9,4.0,8.0,-1.0,0.838150289017341,5.235396978591354
127,es25nov11_9,4.0,24.0,-1.0,0.8091603053435115,5.230356499838774
128,es25nov11_9,4.0,10.0,-1.0,0.7894736842105263,5.225276505365741
129,es25nov11_13,1.0,8.0,1.0,0.9613075615088316,13.735770630847497
130,es25nov11_13,1.0,4.0,-1.0,0.9841602608898207,13.307476579182605
131,es25nov11_13,1.0,6.0,1.0,0.9724505774124095,14.206673080847885
132,es25nov11_13,1.0,13.0,-1.0,0.9570613552196977,14.210247237965653
133,es25nov11_13,1.0,11.0,1.0,0.9572552579815403,14.20680456294567
134,es25nov11_13,1.0,9.0,-1.0,0.8989019685428826,14.206384761559551
135,es25nov11_13,1.0,10.0,-1.0,0.9930882814954446,12.492846751390713
136,es25nov11_13,1.0,12.0,-1.0,0.9608520437535981,14.203621132362148
137,es25nov11_13,1.0,2.0,-1.0,0.9506475323766188,14.198975001397475
138,es25nov11_13,2.0,6.0,-1.0,0.9469175057410352,14.20675984992281
139,es25nov11_13,3.0,2.0,1.0,1.0,3.4096033248878688
140,es25nov11_13,3.0,11.0,0.0,0.8952816938042969,14.211083348719127
141,es25nov11_13,3.0,10.0,1.0,0.928362216255797,14.190756914805124
142,es25nov11_13,3.0,5.0,-1.0,0.9448356807511737,13.889720529184213
143,es25nov11_13,3.0,3.0,1.0,0.9604966139954854,13.117863907830754
144,es25nov11_13,3.0,6.0,1.0,0.8812469074715488,6.721166628811475
145,es25nov11_13,4.0,2.0,0.0,0.9023251986333917,14.211092761987096
146,es25nov11_13,4.0,5.0,0.0,0.9107960790471277,14.211078110690984
147,es25nov11_13,4.0,3.0,1.0,0.8621881946159545,13.818058003343268
148,es04feb12_1,1.0,2.0,-1.0,0.8725120263237898,7.320201865401514
149,es04feb12_1,2.0,22.0,0.0,0.8144752883803807,7.32099736034918
150,es04feb12_1,2.0,10.0,-1.0,0.8363838047698281,7.1584824122763075
151,es04feb12_1,2.0,21.0,1.0,0.7422096317280453,7.320789579676358
152,es04feb12_1,2.0,8.0,1.0,0.7648414985590778,7.318195232163429
153,es04feb12_1,2.0,7.0,-1.0,0.8259532595325954,7.2904526994761
154,es04feb12_1,2.0,12.0,1.0,0.8379595812028244,7.309395425479811
155,es04feb12_1,2.0,2.0,1.0,0.7828560591693533,7.3160073443171045
156,es04feb12_1,2.0,3.0,-1.0,0.7784908165523345,7.310490947847311
157,es04feb12_1,2.0,24.0,1.0,0.7962344772332755,7.309722511945433
158,es04feb12_1,2.0,13.0,1.0,0.812428078250863,7.309817300602807
159,es04feb12_1,2.0,4.0,1.0,0.7801536919478784,7.307476406152109
160,es04feb12_1,2.0,16.0,1.0,0.9264489194499018,7.305691001112631
161,es04feb12_1,2.0,23.0,1.0,0.8259128088371701,7.3054368920735335
162,es04feb12_1,2.0,25.0,1.0,0.9064353173731605,7.299758674310205
163,es04feb12_1,2.0,5.0,1.0,0.9802712700369913,4.104983767852464
164,es04feb12_1,2.0,9.0,1.0,0.7723905723905724,7.1698839872111675
165,es04feb12_1,2.0,11.0,-1.0,0.7449664429530202,6.157064846265342
166,es04feb12_1,2.0,6.0,1.0,0.7421805183199285,5.10760501041698
167,es04feb12_1,3.0,2.0,-1.0,0.6178920680912713,6.54983796551407
168,es04feb12_1,4.0,24.0,0.0,0.7377774748563372,7.320969850319293
169,es04feb12_1,4.0,19.0,1.0,0.915104304198574,7.316277893776449
170,es04feb12_1,4.0,9.0,1.0,0.7522042373996578,7.3097494889941155
171,es04feb12_1,4.0,12.0,1.0,0.8047016274864376,7.285445423052696
172,es04feb12_1,4.0,10.0,1.0,0.7612005219660722,7.282538420565231
173,es04feb12_1,4.0,2.0,1.0,0.7686380674718867,7.281476763003524
174,es04feb12_1,4.0,13.0,1.0,0.7333586193817561,7.269822841967396
175,es04feb12_1,4.0,3.0,1.0,0.7248696947133284,7.097115735310803
176,es04feb12_1,4.0,17.0,1.0,0.7741274503107711,6.168115637570236
177,es04feb12_1,4.0,20.0,1.0,0.9195300376856573,5.472642812723924
178,es04feb12_1,4.0,14.0,-1.0,0.733698487219614,5.4643401955074165
179,es04feb12_1,4.0,15.0,-1.0,0.839172677756514,5.27746148759817
180,es09feb12_2,2.0,14.0,0.0,0.6356377998331659,2.760540600180719
181,es09feb12_2,2.0,15.0,1.0,0.6256738996325403,2.760521223532815
182,es09feb12_2,2.0,7.0,-1.0,0.7024567788898999,2.745507876755525
183,es09feb12_2,2.0,13.0,0.0,0.5380971620435515,2.7605112093019413
184,es09feb12_2,2.0,11.0,1.0,0.6652217405801933,2.760366802907624
185,es09feb12_2,2.0,8.0,1.0,0.6088013984950976,2.759732943572369
186,es09feb12_2,2.0,4.0,1.0,0.7191194455768447,2.7574317444245153
187,es09feb12_2,2.0,3.0,-1.0,0.7871396895787139,2.7581017498002023
188,es09feb12_2,2.0,12.0,-1.0,0.6792929292929293,2.7550821332848034
189,es09feb12_2,2.0,10.0,-1.0,0.7272727272727273,2.730004425223454
190,es09feb12_2,2.0,5.0,-1.0,0.7738589211618258,2.564217173943765
191,es09feb12_2,3.0,2.0,-1.0,0.6482267561276188,2.7576425173192987
192,es09feb12_2,3.0,3.0,-1.0,0.6815101645692159,2.7205104603085783
193,es09feb12_2,4.0,8.0,0.0,0.5677858208140846,2.7605580806428947
194,es09feb12_2,4.0,6.0,-1.0,0.6074074074074074,2.75710637080482
195,es09feb12_3,2.0,8.0,0.0,0.7318846714948158,4.730571672179392
196,es09feb12_3,2.0,4.0,1.0,0.867699642431466,4.718203148074375
197,es09feb12_3,2.0,2.0,1.0,0.837739288969918,4.713612466442207
198,es09feb12_3,3.0,2.0,0.0,0.6607837391977972,4.730770502378217
199,es09feb12_3,3.0,3.0,-1.0,0.8584036650048384,4.73055252386694
200,es09feb12_3,4.0,4.0,0.0,0.752539047865565,4.730755716391145
201,es27mar12_2,1.0,15.0,-1.0,0.8704379562043796,3.7476078766063132
202,es27mar12_2,1.0,16.0,-1.0,0.8893676487713986,3.748718137119536
203,es27mar12_2,1.0,17.0,0.0,0.4144245324478734,3.748694848600639
204,es27mar12_2,1.0,21.0,-1.0,0.9046632124352332,3.747154823329718
205,es27mar12_2,2.0,27.0,-1.0,0.8599138868351237,3.750341791723482
206,es27mar12_2,2.0,26.0,1.0,0.7317143962848297,3.750248375979146
207,es27mar12_2,2.0,25.0,0.0,0.38609537299339,3.749862676239223
208,es27mar12_2,2.0,28.0,-1.0,0.870877308707124,3.7497397442597014
209,es27mar12_2,2.0,14.0,-1.0,0.9001037741001693,3.7487898343574857
210,es27mar12_2,2.0,2.0,-1.0,0.8931777378815081,3.674597951196559
211,es27mar12_2,2.0,10.0,-1.0,0.8470654627539503,3.7426697685928016
212,es27mar12_2,2.0,20.0,-1.0,0.8868698710433763,3.7401434614631865
213,es27mar12_2,2.0,22.0,-1.0,0.821041948579161,3.731765717709324
214,es27mar12_3,1.0,30.0,-1.0,0.8184832159138002,3.6027113913624094
215,es27mar12_3,1.0,41.0,-1.0,0.8906827571211133,3.5937080947197897
216,es27mar12_3,1.0,31.0,1.0,0.8386099562946381,3.602646737501433
217,es27mar12_3,1.0,33.0,-1.0,0.7482681389655711,3.602335934137066
218,es27mar12_3,1.0,14.0,-1.0,0.7997609085475195,3.590595342330273
219,es27mar12_3,1.0,28.0,-1.0,0.7792106898694842,3.6012013222630674
220,es27mar12_3,1.0,2.0,-1.0,0.8343725643024162,3.507437025167447
221,es27mar12_3,1.0,8.0,-1.0,0.782678171939917,3.6008561495259803
222,es27mar12_3,1.0,37.0,0.0,0.3888252342117679,3.600801003585736
223,es27mar12_3,1.0,17.0,-1.0,0.8770571151984511,3.5998190818757863
224,es27mar12_3,1.0,10.0,-1.0,0.7857142857142857,3.5830961283183864
225,es27mar12_3,1.0,35.0,-1.0,0.7774524158125915,3.5984314888812783
226,es27mar12_3,1.0,38.0,-1.0,0.8400818926296634,3.598660664985437
227,es27mar12_3,1.0,13.0,-1.0,0.8361702127659575,3.595794273386438
228,es27mar12_3,1.0,6.0,-1.0,0.8623052959501558,3.580191564178376
229,es27mar12_3,1.0,43.0,-1.0,0.8450390189520625,3.5937432388119768
230,es27mar12_3,1.0,39.0,-1.0,0.6387967143556547,3.5943515344516865
231,es27mar12_3,1.0,16.0,-1.0,0.8478922207735767,3.5673757321803774
232,es27mar12_3,1.0,34.0,-1.0,0.8372142857142857,3.590104874478596
233,es27mar12_3,1.0,19.0,-1.0,0.9027972027972028,3.587428852581361
234,es27mar12_3,1.0,4.0,-1.0,0.8119469026548672,3.5697449651686646
235,es27mar12_3,1.0,25.0,-1.0,0.9459084604715673,3.3100860445698004
236,es27mar12_3,1.0,22.0,-1.0,0.8562428407789232,3.1127984501103656
237,es27mar12_3,1.0,26.0,-1.0,0.7555418719211823,3.0552684163494988
238,es27mar12_3,1.0,29.0,-1.0,0.0015822784810126582,0.2611613129325788
239,es27mar12_3,2.0,19.0,-1.0,0.8574815149291641,3.602621312617106
240,es27mar12_3,2.0,20.0,-1.0,1.0,0.3397705478140001
241,es27mar12_3,2.0,25.0,-1.0,0.9226461707384024,3.6015548056271642
242,es27mar12_3,2.0,14.0,-1.0,0.8156500939689049,3.585688691800309
243,es27mar12_3,2.0,2.0,-1.0,0.8118869013271783,3.595819909557893
244,es27mar12_3,2.0,6.0,-1.0,0.8280402788536019,3.5773678525791075
245,es27mar12_3,2.0,21.0,-1.0,0.8913315013739695,3.5931312104330164
246,es27mar12_3,2.0,8.0,-1.0,0.7587844254510921,3.5914490127539063
247,es27mar12_3,2.0,11.0,-1.0,0.9239332096474954,3.5850278560949254
248,es27mar12_3,2.0,12.0,-1.0,0.8907339754234473,3.5919629334767227
249,es27mar12_3,2.0,10.0,-1.0,0.872923908845114,3.5909088924272963
250,es27mar12_3,2.0,5.0,0.0,0.6265060240963856,3.584106996364787
251,es27mar12_3,2.0,23.0,0.0,0.2482425679681545,3.590768245629508
252,es27mar12_3,2.0,16.0,-1.0,0.8942465753424658,3.5732949410537604
253,es27mar12_3,2.0,18.0,0.0,0.4056291390728477,3.56944197942801
254,es27mar12_3,2.0,22.0,1.0,0.8495116363197878,3.568133337390098
255,es27mar12_3,2.0,9.0,-1.0,0.9216043755697356,3.531087872344313
256,es27mar12_3,2.0,17.0,-1.0,0.8348178137651822,3.431303089412255
257,es27mar12_3,2.0,3.0,-1.0,0.8448762143528674,3.2442343264392224
258,es27mar12.012,1.0,5.0,0.0,0.5673616988535816,3.680508812075492
259,es27mar12.012,1.0,3.0,-1.0,0.750242954324587,3.6745507865418543
260,es27mar12.012,1.0,2.0,-1.0,0.8796389167502507,3.6658621438201813
261,es27mar12.012,2.0,5.0,0.0,0.5655325058588664,3.6807138531898054
262,es27mar12.012,2.0,2.0,0.0,0.46733431208053694,3.680419654894442
263,es27mar12.012,2.0,7.0,-1.0,0.8308327897368993,3.680344167121013
264,es27mar12.012,2.0,6.0,-1.0,0.7333520651868503,3.6803696697471713
265,es27mar12.012,2.0,4.0,1.0,0.8054835124120044,3.6751575450234153
266,es27mar12.012,2.0,3.0,1.0,0.8851919561243144,3.6763992168858173
267,es27mar12.012,3.0,2.0,-1.0,0.771010387157696,3.680516564873844
268,es27mar12.012,3.0,3.0,-1.0,0.8931000971817298,3.6651909146996915
269,es27mar12.013,1.0,7.0,0.0,0.40170151025522655,3.06872478409145
270,es27mar12.013,2.0,6.0,-1.0,0.8093505039193729,3.064751180658394
271,es27mar12.013,2.0,12.0,-1.0,0.7855926792934667,3.0677932429756734
272,es27mar12.013,2.0,8.0,-1.0,0.7504587155963303,2.9770532085041403
273,es20may12_1,1.0,4.0,-1.0,0.8517593397046047,4.258824423764845
274,es20may12_1,4.0,10.0,-1.0,0.9574345700316365,4.255700017413595
275,es20may12_1,4.0,17.0,-1.0,0.8284990791896869,4.258038498780939
276,es20may12_1,4.0,5.0,-1.0,0.9301217575436739,4.258339115911795
277,es20may12_1,4.0,8.0,-1.0,0.9547018348623854,4.250063322533221
278,es20may12_1,4.0,16.0,-1.0,0.7953306305046833,4.256700150654758
279,es20may12_1,4.0,9.0,-1.0,0.9185990338164252,4.256565590271446
280,es20may12_1,4.0,15.0,-1.0,0.8554347826086957,4.217668569860484
281,es20may12_1,4.0,6.0,-1.0,0.9435463176802669,4.255924284719116
282,es20may12_1,4.0,18.0,0.0,0.28340638697557924,4.255474265986199
283,es20may12_1,4.0,11.0,-1.0,0.8223495702005731,4.076345043164762
284,m371r2_3,4.0,12.0,-1.0,0.7181117728205646,2.477301290639251
285,m371r2_3,4.0,2.0,-1.0,0.6312947381640085,2.4771153296410042
286,m371r2_3,4.0,8.0,0.0,0.5325792450348547,2.478554304627563
287,m371r2_3,4.0,11.0,-1.0,0.6735640969644027,2.4775368355919505
288,m371r2_3,4.0,6.0,-1.0,0.5424981332234725,2.4778908667202706
289,m371r2_3,4.0,10.0,1.0,0.666699575476355,2.4760039184267426
290,es21may12_1,1.0,8.0,-1.0,0.7426825662757466,2.732887410450034
291,es21may12_1,1.0,10.0,0.0,0.20991155222469787,2.732571124122244
292,es21may12_1,1.0,9.0,0.0,0.6494140625,2.732356558830558
293,es21may12_1,1.0,4.0,-1.0,0.6828947368421052,2.731020885859659
294,es21may12_1,1.0,6.0,-1.0,0.7092171230235249,2.731254795880874
295,es21may12_1,1.0,2.0,-1.0,0.6896135265700483,2.730399839438756
296,es21may12_1,1.0,3.0,0.0,0.3829752604166667,2.7273426467459054
297,es21may12_1,1.0,5.0,-1.0,0.7121052631578947,1.1083900510056082
298,m361r2_13,1.0,6.0,0.0,0.8508833525264725,8.389116486536619
299,m361r2_13,2.0,5.0,-1.0,0.9653436870865689,8.393717570166228
300,m361r2_17,1.0,4.0,-1.0,0.8737916219119226,6.096504807546478
301,m361r2_17,1.0,6.0,0.0,0.6001856244199237,6.097747707291009
302,m361r2_17,1.0,8.0,-1.0,0.8600883652430045,6.055276265018994
303,m361r2_17,1.0,12.0,0.0,0.4427960057061341,5.2220317073240325
304,m361r2_17,1.0,2.0,-1.0,0.746407438715131,4.294395425905069
305,m361r2_17,2.0,3.0,-1.0,0.8598452278589854,6.101268477117562
306,m361r2_17,2.0,25.0,-1.0,0.8888888888888888,6.099198609898559
307,m361r2_17,2.0,17.0,1.0,0.8891663465232424,6.100267859695527
308,m361r2_17,2.0,19.0,-1.0,0.884979223764477,6.095133017034328
309,m361r2_17,2.0,11.0,-1.0,0.7614814814814815,5.9917169072946255
310,m361r2_17,2.0,14.0,1.0,0.8929503916449086,5.944510002549611
311,m361r2_17,2.0,18.0,1.0,0.951638418079096,5.6485851985596
312,m361r2_17,2.0,5.0,-1.0,0.8417122946739671,4.3614116712347295
313,m361r2_17,3.0,12.0,0.0,0.8229203983664111,6.10111625183217
314,m361r2_17,3.0,9.0,-1.0,0.8280669144981413,6.099347382752675
315,m361r2_17,3.0,4.0,-1.0,0.8504192423036906,6.100194648564221
316,m361r2_17,3.0,16.0,1.0,0.8575139146567718,6.063268496509946
317,m361r2_17,3.0,2.0,1.0,0.7547339945897205,5.5389560102462845
318,m361r2_17,3.0,10.0,1.0,0.7145688800792864,5.518614676935937
319,m361r2_17,4.0,11.0,-1.0,0.8606522018813807,6.101710070011567
320,m361r2_17,4.0,10.0,-1.0,0.8570797649679327,6.101389165300237
321,m361r2_17,4.0,7.0,1.0,0.8462087240114146,6.10092847385024
322,m361r2_17,4.0,8.0,1.0,0.836413358746996,6.09115042943268
323,m361r2_17,4.0,5.0,-1.0,0.79613960867266,6.09815582874137
324,m361r2_17,4.0,12.0,-1.0,0.9311912323307803,6.09822095971437
325,m361r2_17,4.0,13.0,1.0,0.9080806178187982,6.09762515822339
326,m361r2_17,4.0,4.0,1.0,0.8526002971768202,6.092816092853832
327,m361r2_17,4.0,2.0,1.0,0.9134182908545727,6.090500858160983
328,m361r2_20,1.0,8.0,-1.0,0.39762299389578365,3.130533409755731
329,m361r2_20,1.0,6.0,-1.0,0.9734750645738128,2.2884524767366035
330,m361r2_20,1.0,2.0,1.0,0.5319749216300941,3.1157730979605462
331,m361r2_20,2.0,9.0,-1.0,0.5903896864928215,3.1301116528453052
332,m361r2_20,2.0,7.0,-1.0,0.7509727626459144,3.1269934524069107
333,m361r2_20,3.0,5.0,-1.0,0.5718964952505732,2.8107171034959832
334,m361r2_20,4.0,5.0,-1.0,0.7336429919342095,3.130946937646788
335,m361r2_20,4.0,7.0,1.0,0.8410455910455911,3.1302956178442494
336,m361r2_20,4.0,3.0,1.0,0.7433174661296228,3.128901514970367
337,m361r2_34,2.0,7.0,0.0,1.0,-336357.0552631579
338,m361r2_34,4.0,9.0,0.0,1.0,-588953.8578947369
339,m258r1_7,1.0,39.0,1.0,0.6924869755963806,2.544211299327564
340,m258r1_7,1.0,31.0,1.0,0.6544109491803642,2.544211052871173
341,m258r1_7,1.0,6.0,-1.0,0.6508604206500956,2.543034440486428
342,m258r1_7,1.0,29.0,1.0,0.701588940515115,2.544204684438033
343,m258r1_7,1.0,41.0,1.0,0.6698758576286191,2.5441971724472396
344,m258r1_7,1.0,34.0,-1.0,0.6324444811359696,2.544183952526434
345,m258r1_7,1.0,2.0,0.0,0.5481170947410736,2.5440416288898384
346,m258r1_7,1.0,40.0,1.0,0.6782419091074277,2.5440692714386377
347,m258r1_7,1.0,27.0,-1.0,0.683947532792005,2.543542751863454
348,m258r1_7,1.0,32.0,-1.0,0.6306654982717492,2.544074466739357
349,m258r1_7,1.0,30.0,-1.0,0.7017815646785438,2.54307214831423
350,m258r1_7,1.0,33.0,-1.0,0.7254416961130742,2.5439425632789674
351,m258r1_7,1.0,16.0,-1.0,0.6488804192472606,2.5431422898030696
352,m258r1_7,1.0,23.0,-1.0,0.6590191538623448,2.5409442339772665
353,m258r1_7,1.0,20.0,-1.0,0.6975169300225733,2.542601101143502
354,m258r1_7,1.0,35.0,-1.0,0.6807137320374456,2.5428514515453404
355,m258r1_7,1.0,21.0,-1.0,0.6282504680674017,2.535293442414545
356,m258r1_7,1.0,28.0,-1.0,0.6714542190305206,2.5421536447785074
357,m258r1_7,1.0,13.0,-1.0,0.607531158843808,2.5414260266466355
358,m258r1_7,1.0,24.0,-1.0,0.6614035087719298,2.5407396948893615
359,m258r1_7,1.0,4.0,-1.0,0.6544573424997182,2.5408681381020233
360,m258r1_7,2.0,20.0,-1.0,0.6974400091632782,2.544163260047857
361,m258r1_7,2.0,22.0,1.0,0.7241748551272361,2.544096559090234
362,m258r1_7,2.0,17.0,-1.0,0.7373223107168061,2.544120110462945
363,m258r1_7,2.0,19.0,-1.0,0.7595666916200625,2.544129633537888
364,m258r1_7,2.0,15.0,-1.0,0.6438577275609616,2.5376872733389937
365,m258r1_7,2.0,10.0,-1.0,0.7178146781467815,2.5437502385697934
366,m258r1_7,2.0,23.0,1.0,0.7219424896869692,2.544014124356618
367,m258r1_7,2.0,12.0,-1.0,0.6157424499741564,2.54383734611658
368,m258r1_7,2.0,18.0,-1.0,0.7231578518125841,2.541704374494476
369,m258r1_7,2.0,24.0,1.0,0.69503535863761,2.541099994416291
370,m258r1_7,3.0,23.0,0.0,0.6444556632871824,2.544210658540947
371,m258r1_7,3.0,11.0,-1.0,0.6891143911439115,2.5425878615061848
372,m258r1_7,3.0,24.0,0.0,0.5454529402936321,2.5441995680033584
373,m258r1_7,3.0,20.0,1.0,0.7119501854795972,2.5441582816287616
374,m258r1_7,3.0,26.0,1.0,0.7112208141777077,2.5441915236667616
375,m258r1_7,3.0,25.0,-1.0,0.717167275299696,2.544197625926999
376,m258r1_7,3.0,6.0,-1.0,0.7260138476755688,2.542974482575659
377,m258r1_7,3.0,19.0,1.0,0.7153244148355092,2.544145239156557
378,m258r1_7,3.0,21.0,-1.0,0.7318039624608967,2.5437004839536064
379,m258r1_7,3.0,2.0,-1.0,0.6571428571428571,2.543657235786138
380,m258r1_7,3.0,22.0,1.0,0.7081202046035806,2.5439492668927985
381,m258r1_7,3.0,18.0,-1.0,0.6191512513601741,2.540038901071071
382,m258r1_7,3.0,15.0,-1.0,0.7068437180796732,2.5274257460412475
383,m258r1_7,3.0,17.0,1.0,0.686549831081081,2.5417372714935285
384,m258r1_7,3.0,8.0,1.0,0.6793893129770993,2.527164038928918
385,m258r1_7,4.0,23.0,1.0,0.6883386183061959,2.544212994947533
386,m258r1_7,4.0,11.0,-1.0,0.7200709429500444,2.544103588026501
387,m258r1_7,4.0,25.0,1.0,0.660205778424444,2.5441972611715404
388,m258r1_7,4.0,18.0,-1.0,0.6357129402900734,2.5431137698695188
389,m258r1_7,4.0,24.0,-1.0,0.6631152855415564,2.5441792698550074
390,m258r1_7,4.0,17.0,0.0,0.5560395805408815,2.544176657417264
391,m258r1_7,4.0,22.0,-1.0,0.643786437557533,2.544183627203998
392,m258r1_7,4.0,16.0,-1.0,0.6530535072792588,2.544160637751858
393,m258r1_7,4.0,9.0,-1.0,0.6169998839862331,2.5440142032226634
394,m258r1_7,4.0,13.0,-1.0,0.6559391456992393,2.541738395334671
395,m258r1_7,4.0,12.0,-1.0,0.6237424547283702,2.539769563668881
396,m258r1_42,1.0,25.0,1.0,0.9244365885992046,15.145080775207898
397,m258r1_42,1.0,2.0,1.0,0.9494845360824742,15.109939095045622
398,m258r1_42,1.0,16.0,-1.0,0.942606829966029,15.1415099752469
399,m258r1_42,1.0,18.0,1.0,0.9278957589425546,15.141622786167167
400,m258r1_42,1.0,20.0,1.0,0.9286258895289732,15.14146764418934
401,m258r1_42,1.0,15.0,-1.0,0.9204932662664287,15.138584009408545
402,m258r1_42,1.0,21.0,1.0,0.9191475154415447,15.134624626516635
403,m258r1_42,1.0,13.0,-1.0,0.8926174496644296,15.07533288928023
404,m258r1_42,1.0,12.0,-1.0,0.8803593303389139,15.111569622672867
405,m258r1_42,1.0,28.0,1.0,0.8696766767814168,15.119189914057218
406,m258r1_42,1.0,5.0,-1.0,0.8824593128390597,15.005685842941899
407,m258r1_42,2.0,16.0,0.0,0.9186739324373504,15.14556016769413
408,m258r1_42,2.0,21.0,0.0,0.9242864711869606,15.14552268987884
409,m258r1_42,2.0,2.0,1.0,0.917786308381318,15.143822437337683
410,m258r1_42,2.0,14.0,1.0,0.9376197572918884,15.12198721505056
411,m258r1_42,2.0,15.0,-1.0,0.9159081057650629,15.14132490494175
412,m258r1_42,2.0,5.0,1.0,0.9305218446601942,15.138023352076784
413,m258r1_42,2.0,7.0,1.0,0.9467574059247398,15.1207057433922
414,m258r1_42,2.0,13.0,1.0,0.9096117122851687,15.087621298702334
415,m258r1_42,2.0,11.0,1.0,0.8801493134248767,15.133261728238006
416,m258r1_42,2.0,8.0,-1.0,0.9216589861751152,15.10935045068345
417,m258r1_42,2.0,9.0,-1.0,0.9384517766497462,15.082002915828545
418,m258r1_42,2.0,10.0,1.0,0.9506849315068493,15.057826489471424
419,m258r1_42,2.0,4.0,1.0,0.9191919191919192,13.041954499883598
420,m258r1_42,3.0,18.0,-1.0,0.9566732090284593,15.14114625170138
421,m258r1_42,3.0,28.0,1.0,0.9531356742724416,15.130388986289855
422,m258r1_42,3.0,26.0,1.0,0.9668643894456944,15.144792169067706
423,m258r1_42,3.0,27.0,1.0,0.9232439335887612,15.140072390962256
424,m258r1_42,3.0,22.0,-1.0,0.9373067637202263,15.143956117199705
425,m258r1_42,3.0,13.0,1.0,0.9502622618938069,15.142789128133952
426,m258r1_42,3.0,31.0,1.0,0.9366758742898837,15.140470518602958
427,m258r1_42,3.0,14.0,-1.0,0.9363963963963964,15.136213955509517
428,m258r1_42,3.0,17.0,1.0,0.9565556711758585,15.136801683148148
429,m258r1_42,3.0,7.0,-1.0,0.9478737997256516,15.138850236709393
430,m258r1_42,3.0,16.0,1.0,0.9158623317246635,15.130935137819728
431,m258r1_42,3.0,11.0,1.0,0.9446589446589446,15.125321500338375
432,m258r1_42,3.0,29.0,1.0,0.9195281782437745,15.130779618367502
433,m258r1_42,3.0,25.0,1.0,0.937586525149977,15.099529753179786
434,m258r1_42,3.0,2.0,1.0,0.937228811107897,15.10161680912969
435,m258r1_42,3.0,5.0,-1.0,0.9321766561514195,15.057827136570394
436,m258r1_42,4.0,9.0,0.0,0.9358132525057847,15.14551292946939
437,m258r1_44,1.0,6.0,1.0,0.9273815720978656,9.5628093088253
438,m258r1_44,2.0,11.0,0.0,0.8759531766400177,9.578951298151061
439,m258r1_44,2.0,12.0,1.0,0.8702465947642919,9.577536348389923
440,m258r1_44,2.0,6.0,1.0,0.8551442728067619,9.575677092473422
441,m258r1_44,2.0,9.0,1.0,0.875544794188862,9.573134522675158
442,m258r1_44,3.0,27.0,-1.0,0.9307720999627005,9.578885881295962
443,m258r1_44,3.0,29.0,-1.0,0.9001770753495256,9.57864919558768
444,m258r1_44,3.0,28.0,1.0,0.9169529136395416,9.577927608441861
445,m258r1_44,3.0,30.0,-1.0,0.8916432053835062,9.553208764800477
446,m258r1_44,3.0,18.0,-1.0,0.9205324727712787,9.577032270285562
447,m258r1_44,3.0,23.0,-1.0,0.9246800241238357,9.575603868833293
448,m258r1_44,3.0,19.0,-1.0,0.9349645846748229,9.577080632317971
449,m258r1_44,3.0,5.0,-1.0,0.8679573634979334,9.558813435932251
450,m258r1_44,3.0,15.0,-1.0,0.813728757080973,9.478697245348702
451,m258r1_44,3.0,12.0,-1.0,0.8739780095855653,9.523402219335688
452,m258r1_44,3.0,16.0,-1.0,0.9013248058474189,9.477789296231965
453,m258r1_44,3.0,24.0,1.0,0.8534630043369694,9.373316897180514
454,m258r1_44,3.0,9.0,-1.0,0.8357487922705314,9.145739024700012
455,m258r1_44,3.0,20.0,-1.0,0.7892255892255893,6.2187869120802555
456,m258r1_44,4.0,14.0,-1.0,0.9048380074019831,9.578861660244963
457,m258r1_44,4.0,11.0,-1.0,0.959845695248115,9.577792731217366
458,m258r1_44,4.0,15.0,-1.0,0.9108236223582856,9.575954053185516
459,m258r1_44,4.0,13.0,1.0,0.9541661904217625,9.575706037630237
460,m258r1_44,4.0,20.0,-1.0,0.9145021645021645,9.543165636116477
461,m258r1_44,4.0,19.0,-1.0,0.84936232490069,9.543700380873842
462,m258r1_44,4.0,17.0,-1.0,0.9800383877159309,7.379942175342518
463,m258r1_48,3.0,8.0,1.0,0.9798983183418069,13.012085174918171
464,m258r1_48,3.0,10.0,-1.0,0.9122699188043865,13.015133786828978
465,m258r1_48,3.0,14.0,-1.0,0.9242436331720622,13.014596162739032
466,m258r1_48,3.0,15.0,-1.0,0.9529495815472545,13.00550453496043
467,m258r1_48,4.0,13.0,-1.0,0.9131177286796883,13.015664270777481
468,m258r1_48,4.0,24.0,0.0,0.9089878525667693,13.015379693300208
469,m258r1_48,4.0,16.0,1.0,0.9801013024602026,13.014778550512
470,m258r1_48,4.0,14.0,1.0,0.933206106870229,13.01451350846171
471,m258r1_48,4.0,21.0,1.0,0.8783133167557272,13.0105028624537
472,m258r1_48,4.0,26.0,1.0,0.9687380861608845,13.000356378739163
473,m258r1_48,4.0,15.0,1.0,0.9307531588896627,13.006209352602362
474,m258r1_48,4.0,27.0,-3.0,0.965382048715382,13.000391793840711
475,m258r1_48,4.0,28.0,1.0,0.9777830864787387,13.000683397217163
476,m258r1_48,4.0,20.0,1.0,0.8508909853249476,13.01184303844162
477,m258r1_48,4.0,11.0,1.0,0.9270553793608197,13.011712516656079
478,m258r1_48,4.0,18.0,-1.0,0.9612109744560076,12.999886728795735
479,m258r1_48,4.0,22.0,1.0,0.9141417580172942,13.007291569560298
480,m258r1_48,4.0,17.0,1.0,0.9786569495054659,12.99738528020384
481,m258r1_48,4.0,19.0,-1.0,0.9680170575692963,12.983749209443095
482,m258r1_48,4.0,10.0,1.0,0.9154929577464789,3.502514357967502
483,m531r1_10,1.0,10.0,-1.0,0.5122618987996862,2.0348031975810197
484,m531r1_10,1.0,12.0,-1.0,0.6809977692151693,2.0336748672298053
485,m531r1_10,1.0,13.0,-1.0,0.6233582281740921,2.0334417163991545
486,m531r1_10,1.0,14.0,-1.0,0.6651845264562027,2.0227419699018974
487,m531r1_10,2.0,16.0,-1.0,0.5508440413202318,2.034821841488213
488,m531r1_10,2.0,3.0,-1.0,0.968943003352744,0.48181246057037774
489,m531r1_10,2.0,19.0,-1.0,0.5921423034555914,2.0347255962269744
490,m531r1_10,2.0,5.0,-1.0,0.5629502817604679,2.0347156079338795
491,m531r1_10,2.0,6.0,-1.0,0.5498341494234718,2.031773569461558
492,m531r1_10,2.0,4.0,-1.0,0.6615479115479116,2.0330331142989175
493,m531r1_10,2.0,15.0,-1.0,0.5716383469687435,2.0340407080126326
494,m531r1_10,3.0,3.0,-1.0,0.5971189947130489,2.0340229344264174
495,m531r1_10,3.0,2.0,-1.0,0.5416624378361921,2.034673342971403
496,m531r1_10,4.0,13.0,0.0,0.38083793338708677,2.034784492479383
497,m531r1_10,4.0,11.0,-1.0,0.6269438305158991,2.0347420303348103
498,m531r1_10,4.0,2.0,0.0,0.556302007786854,2.0345846722224232
499,m531r1_10,4.0,5.0,1.0,0.6401895206243032,2.0343444024381503
500,m531r1_10,4.0,3.0,1.0,0.6063126988010766,2.033820999561457
501,m531r1_10,4.0,4.0,1.0,0.505776220145379,2.03303162523412
502,m531r1_11,1.0,9.0,-1.0,0.6800216776990671,2.7700718023333426
503,m531r1_11,2.0,7.0,-1.0,0.6849592538508644,2.771214110128524
504,m531r1_11,2.0,14.0,-1.0,0.615415945423073,2.771050645761045
505,m531r1_11,2.0,2.0,-1.0,0.7565123010130246,2.7700560003260115
506,m531r1_11,2.0,13.0,-1.0,0.6357243675352705,2.7696526255684515
507,m531r1_11,3.0,7.0,-1.0,0.6528014899891355,2.771144316988208
508,m531r1_11,3.0,2.0,-1.0,0.654969650986343,2.7703550524676204
509,m531r1_11,4.0,14.0,0.0,0.5345738167926469,2.7712445959167926
510,m531r1_11,4.0,6.0,1.0,0.672112462006079,2.7652422954878997
511,m531r1_29,1.0,12.0,1.0,0.6954269833249116,1.2333911910874058
512,m531r1_29,1.0,5.0,1.0,0.7869449162824557,1.4091020135449703
513,m531r1_29,1.0,11.0,1.0,0.6785919045980966,1.4087946024100158
514,m531r1_29,1.0,13.0,1.0,0.7676693388247408,1.408407180631808
515,m531r1_29,1.0,14.0,-1.0,0.559663310777356,0.8944380654196562
516,m531r1_29,3.0,4.0,0.0,0.6629720201296538,1.409496284299678
517,m531r1_29,3.0,5.0,0.0,0.5716645218631091,1.4094859337564136
518,m531r1_29,4.0,2.0,-1.0,0.7547169811320755,1.4063537838591038
519,m531r1_31,1.0,23.0,-1.0,0.6578594819886872,1.514357495217485
520,m531r1_31,1.0,18.0,1.0,0.73898043672376,1.5141169461318926
521,m531r1_31,1.0,3.0,1.0,0.4546833522942738,1.279668471892036
522,m531r1_31,1.0,2.0,1.0,0.5155076891213173,1.5138531132453943
523,m531r1_31,1.0,16.0,1.0,0.6308334443408374,1.5081068737685954
524,m531r1_31,1.0,17.0,1.0,0.7570885388375883,1.5103613187798777
525,m531r1_31,3.0,6.0,0.0,0.5767481156099952,1.5146019637200827
526,m531r1_31,4.0,2.0,-1.0,0.5749279538904899,1.4963649711472455
527,m531r1_32,1.0,35.0,0.0,0.6381551895573382,1.5599946052710494
528,m531r1_32,1.0,24.0,1.0,0.7192335652715754,1.559621810563226
529,m531r1_32,1.0,30.0,0.0,0.6293053619394104,1.5599433002390029
530,m531r1_32,1.0,23.0,1.0,0.7107236975471316,1.5597747179678945
531,m531r1_32,1.0,31.0,1.0,0.7391341352700862,1.5598452232825133
532,m531r1_32,1.0,29.0,1.0,0.8185088293001962,1.5594623787322845
533,m531r1_32,1.0,11.0,1.0,0.7219917012448133,1.5593261568935615
534,m531r1_32,1.0,2.0,1.0,0.6902449888641425,1.5577909915775343
535,m531r1_32,1.0,26.0,1.0,0.6885218690347746,1.5546968854428243
536,m531r1_32,1.0,15.0,1.0,0.6201091901728845,1.5533827595070666
537,m531r1_32,3.0,12.0,1.0,0.7043384666335486,1.559852114688964
538,m531r1_32,4.0,3.0,-1.0,0.6815796050987253,1.5530409505599794
539,m531r1_34,1.0,24.0,0.0,0.5760698361452203,1.7516138500736795
540,m531r1_34,1.0,22.0,0.0,0.5401891969084568,1.7516168438640138
541,m531r1_34,1.0,17.0,1.0,0.598094276519215,1.7514883642725418
542,m531r1_34,1.0,2.0,1.0,0.591743119266055,1.7491683832315872
543,m531r1_34,1.0,5.0,1.0,0.6415244144501786,1.7509112384524121
544,m531r1_34,1.0,3.0,1.0,0.5946935041171089,1.7479428343337375
545,m531r1_34,1.0,23.0,1.0,0.6112167300380228,1.7419788285904652
546,m531r1_34,1.0,4.0,-1.0,0.4922091782283885,1.74076191382148
547,m531r1_34,1.0,18.0,1.0,0.6994358009916225,1.7266734086699833
548,m531r1_34,1.0,19.0,1.0,0.447079337401918,1.29999772509474
549,m531r1_34,3.0,26.0,0.0,0.5231351926628478,1.751605563186954
550,m531r1_34,3.0,2.0,1.0,0.5490148966842864,1.7515479679164745
551,m531r1_34,3.0,19.0,1.0,0.5429950096919206,1.751593353402549
552,m531r1_34,3.0,17.0,1.0,0.5526370324318723,1.509316947683783
553,m531r1_34,3.0,29.0,1.0,0.5938754751325017,1.751455676586852
554,m531r1_34,3.0,18.0,1.0,0.6815566004631904,1.7512507098755479
555,m531r1_34,3.0,15.0,1.0,0.580849820519242,1.6194749364753322
556,m531r1_34,3.0,23.0,1.0,0.6154233572317355,1.751316516953371
557,m531r1_34,3.0,25.0,1.0,0.5174784432533209,1.72347076626617
558,m531r1_34,3.0,22.0,1.0,0.5544427324088341,1.5660627794266846
559,m531r1_34,4.0,15.0,1.0,0.6480745158677564,1.7513385245970532
560,m531r1_34,4.0,14.0,1.0,0.6232342096442082,1.7509737608072984
561,m531r1_34,4.0,2.0,1.0,0.5443059299191375,1.750786146818027
562,m531r1_34,4.0,4.0,-1.0,0.40117100747022005,1.7458453885793412
563,m531r1_35,1.0,22.0,0.0,0.728646806230511,3.5240661094700196
564,m531r1_35,1.0,23.0,1.0,0.79990050988683,3.523874228335057
565,m531r1_35,1.0,20.0,0.0,0.6306546275395034,3.5235081202221497
566,m531r1_35,1.0,14.0,1.0,0.7093326024393587,3.522863700361901
567,m531r1_35,1.0,12.0,1.0,0.7827283849918434,3.520736302559343
568,m531r1_35,1.0,19.0,1.0,0.7947812073881244,3.5227897771734704
569,m531r1_35,1.0,18.0,1.0,0.8744221051499839,3.5201502075484656
570,m531r1_35,1.0,15.0,1.0,0.6962962962962963,3.5208841345598545
571,m531r1_35,1.0,13.0,1.0,0.7590581235441048,3.5151466197867185
572,m531r1_35,1.0,10.0,1.0,0.9019094230371545,3.51241555907436
573,m531r1_35,3.0,18.0,1.0,0.7299233206299647,3.523715614072522
574,m531r1_35,3.0,3.0,1.0,0.7823542651361692,3.5221788973362886
575,m531r1_35,3.0,20.0,1.0,0.7748100391434493,3.5236319005901744
576,m531r1_35,3.0,2.0,1.0,0.7454100953933177,3.523952176901309
577,m531r1_35,3.0,21.0,1.0,0.7906783502039583,3.5136782913444105
578,m531r1_35,3.0,16.0,1.0,0.8783641160949868,3.523274504544982
579,m531r1_35,3.0,7.0,1.0,0.7825366123238464,3.5222938650021542
580,m531r1_35,3.0,17.0,-1.0,0.7821086261980831,3.4859566212634574
581,m531r1_35,4.0,17.0,1.0,0.7454776261504285,3.5106680275510507
582,m531r1_35,4.0,16.0,1.0,0.8290583962000558,3.519297690031171
583,m531r1_35,4.0,19.0,1.0,0.7937363624695161,3.5171440985200717
584,m531r1_35,4.0,13.0,-1.0,0.8056133056133056,3.459488367578166
585,m531r1_36,1.0,21.0,0.0,0.5872397476340694,1.6980118539059503
586,m531r1_36,1.0,4.0,-1.0,0.7034055727554179,1.6965219630460804
587,m531r1_36,1.0,11.0,1.0,0.752932632537758,1.6979856264246072
588,m531r1_36,1.0,6.0,1.0,0.672520325203252,1.6970913696777967
589,m531r1_36,1.0,8.0,1.0,0.6866340428040799,1.6971331540438437
590,m531r1_36,3.0,21.0,-1.0,0.7198391420911529,1.698022163533561
591,m531r1_36,3.0,16.0,-1.0,0.7794011976047904,1.6978588602647808
592,m531r1_36,3.0,18.0,-1.0,0.7763051034661989,1.697836260081965
593,m531r1_36,3.0,23.0,-1.0,0.7100934016269961,1.4083030465645214
594,m531r1_36,3.0,31.0,-1.0,0.7614757370131722,1.4417255474650075
595,m531r1_36,3.0,29.0,-1.0,0.8051463493084593,1.697733863733605
596,m531r1_36,3.0,28.0,-1.0,0.8289251547552055,1.6963678732916423
597,m531r1_36,3.0,19.0,-1.0,0.6274822372016761,1.3528937944951647
598,m531r1_36,3.0,15.0,-1.0,0.7613760069671239,1.694191027556634
599,m531r1_36,3.0,4.0,-1.0,0.6895368782161235,1.6922156509620487
600,m531r1_36,3.0,34.0,-1.0,0.8109394734285437,1.6931759122162884
601,m531r1_36,3.0,27.0,-1.0,0.7551020408163265,1.6865858415339743
602,m531r1_36,4.0,29.0,1.0,0.7708001818595135,1.6967113925487938
603,m531r1_36,4.0,21.0,-1.0,0.6431025369978859,1.0098131367229606
604,m531r1_36,4.0,24.0,1.0,0.7384943390677842,1.6978746020360602
605,m531r1_36,4.0,4.0,-1.0,0.5392620624408704,1.2202301446961161
606,m531r1_36,4.0,7.0,-1.0,0.7374847374847375,1.6966423506190542
607,m531r1_36,4.0,5.0,-1.0,0.5967704728950404,1.1844973539737735
608,m531r1_36,4.0,22.0,-1.0,0.739478601299048,1.3525478585063484
609,m531r1_36,4.0,8.0,-1.0,0.7056899934597777,1.6442380512560637
610,m531r1_38,1.0,17.0,1.0,0.6565811396201267,1.2891342217375275
611,m531r1_38,1.0,20.0,0.0,0.47325788504642974,1.289102592022866
612,m531r1_38,1.0,3.0,1.0,0.5822176450394781,1.288828383516954
613,m531r1_38,1.0,18.0,1.0,0.7427236315086783,1.2878254174059993
614,m531r1_38,1.0,19.0,1.0,0.6107030430220357,1.2861839730654947
615,m531r1_38,3.0,22.0,1.0,0.6486057283297098,1.2891997892128018
616,m531r1_38,3.0,31.0,-1.0,0.6714947455752213,1.289195811785668
617,m531r1_38,3.0,24.0,-1.0,0.564094408041224,1.2891273418635665
618,m531r1_38,3.0,30.0,1.0,0.639554145492321,1.2891719946484688
619,m531r1_38,3.0,16.0,-1.0,0.5298630136986301,1.288938698628334
620,m531r1_38,3.0,29.0,-1.0,0.6997373864138139,1.2891052099160827
621,m531r1_38,3.0,8.0,-1.0,0.6284413613700411,1.2889274271436515
622,m531r1_38,3.0,33.0,-1.0,0.618217104411955,1.2890813010893865
623,m531r1_38,3.0,12.0,-1.0,0.6177733729765444,1.288775086625706
624,m531r1_38,3.0,23.0,1.0,0.6774602280726454,1.2883808723771228
625,m531r1_38,3.0,14.0,-1.0,0.6184864127788059,1.2884536327353295
626,m531r1_38,3.0,28.0,-1.0,0.5619396254443206,1.2882019988158513
627,m531r1_38,3.0,20.0,1.0,0.6987252219181739,1.2878941149709893
628,m531r1_38,3.0,6.0,1.0,0.5095295536791314,1.2876717363243777
629,m531r1_38,4.0,25.0,0.0,0.5518083992179974,1.2892127395637867
630,m531r1_38,4.0,15.0,1.0,0.7262942632655258,1.289207377309082
631,m531r1_38,4.0,20.0,-1.0,0.605991418336417,1.2890893697650978
632,m531r1_38,4.0,14.0,1.0,0.7645390070921986,1.2887465300900383
633,m531r1_38,4.0,18.0,1.0,0.8175498426023085,1.2884440590871895
634,m531r1_38,4.0,12.0,1.0,0.6071840500906245,1.287966404234885
635,m531r1_38,4.0,16.0,1.0,0.7141684152905757,1.2888103839202363
636,m531r1_38,4.0,17.0,1.0,0.6645908664791751,1.28836453899988
637,m531r1_38,4.0,5.0,1.0,0.6959033613445378,1.2880719261987816
638,m531r1_38,4.0,4.0,1.0,0.6268608414239483,1.2876098712077468
639,m531r1_38,4.0,22.0,1.0,0.5883883672679959,1.2869037672318067
640,m531r1_40,1.0,14.0,0.0,0.4309859154929577,1.2197661220004339
641,m531r1_40,1.0,7.0,1.0,0.5963553530751708,1.2195812031355462
642,m531r1_40,1.0,9.0,1.0,0.5545275291976338,1.2104085003615797
643,m531r1_40,1.0,4.0,-1.0,0.6806764486446157,1.2086409464772043
644,m531r1_40,3.0,26.0,1.0,0.564941103533788,1.219685763521647
645,m531r1_40,3.0,35.0,0.0,0.5795543567282698,1.2197567738864448
646,m531r1_40,3.0,7.0,1.0,0.609432082364663,1.2196240537495617
647,m531r1_40,3.0,30.0,1.0,0.49990236281976175,1.2194042169294792
648,m531r1_40,3.0,14.0,1.0,0.538509060955519,1.2196284630451582
649,m531r1_40,3.0,23.0,1.0,0.5999580008399832,1.2194747113489879
650,m531r1_40,3.0,31.0,1.0,0.5576157433739052,1.2194714221977694
651,m531r1_40,3.0,6.0,1.0,0.5090612540775643,1.2191864404961765
652,m531r1_40,3.0,24.0,1.0,0.7238864287574889,1.218822620996649
653,m531r1_40,3.0,11.0,1.0,0.5637421231216675,1.2190998159976278
654,m531r1_40,3.0,18.0,1.0,0.5378910029022896,1.2181727777218192
655,m531r1_40,3.0,16.0,1.0,0.5522720522720522,1.218555894254037
656,m531r1_40,3.0,17.0,-1.0,0.7326027397260274,1.2174134182706111
657,m531r1_40,4.0,33.0,1.0,0.7809044125698018,1.2195794618201954
658,m531r1_40,4.0,34.0,1.0,0.5720783012199994,1.2197301653659072
659,m531r1_40,4.0,30.0,-1.0,0.5617079889807163,1.2195678021355356
660,m531r1_40,4.0,27.0,1.0,0.6670091177603699,1.2197083021842792
661,m531r1_40,4.0,23.0,1.0,0.7615971814445097,1.218709130004918
662,m531r1_40,4.0,35.0,1.0,0.46728769497400346,1.2194320032988024
663,m531r1_40,4.0,19.0,-1.0,0.5758821514217197,1.2194117218968104
664,m531r1_40,4.0,5.0,1.0,0.5765277931263123,1.2193223717136092
665,m531r1_40,4.0,31.0,1.0,0.5626688682077454,1.2193002607424672
666,m531r1_40,4.0,22.0,-1.0,0.6012768427161926,1.2184673078056385
667,m531r1_40,4.0,12.0,1.0,0.5433376455368694,1.2180246097756535
668,m531r1_40,4.0,2.0,1.0,0.4993144708961735,1.2178933865589845
669,m531r1_40,4.0,26.0,1.0,0.6330704060765411,1.2164932264530144
670,m531r1_40,4.0,11.0,-1.0,0.5293916609706083,1.2155837744439375
671,m531r1_41,1.0,12.0,0.0,0.3960727044510959,0.5858622866894101
672,m531r1_41,1.0,6.0,1.0,0.8144506866416978,0.5856309470875216
673,m531r1_41,1.0,15.0,1.0,0.778496530857113,0.5850279463619859
674,m531r1_41,1.0,4.0,-1.0,0.7776751062650157,0.5851492313337315
675,m531r1_41,1.0,2.0,1.0,0.750887573964497,0.5825068026112761
676,m531r1_41,1.0,8.0,-1.0,0.8517673888255416,0.577437679145349
677,m531r1_41,3.0,21.0,-3.0,0.8162457445966274,0.5858022216863177
678,m531r1_41,3.0,17.0,0.0,0.8041255605381166,0.5858434267811888
679,m531r1_41,3.0,22.0,-1.0,0.7845735027223231,0.5857906822215793
680,m531r1_41,3.0,12.0,1.0,0.7877078814172089,0.5856817485874224
681,m531r1_41,3.0,14.0,1.0,0.772510340439071,0.5855805770012275
682,m531r1_41,3.0,10.0,-1.0,0.8292801556420234,0.5847615603492329
683,m531r1_41,3.0,19.0,1.0,0.811344275919385,0.5853328810488192
684,m531r1_41,3.0,13.0,-1.0,0.8438030560271647,0.5817602736360709
685,m531r1_41,3.0,4.0,-1.0,0.7703747769185009,0.5814858470248382
686,m531r1_41,3.0,6.0,-1.0,0.8165215907151391,0.5657365056405526
687,m531r1_41,4.0,13.0,-1.0,0.8262309560609407,0.585032922904771
688,m531r1_41,4.0,11.0,-1.0,0.8497375892626688,0.585796891859949
689,m531r1_41,4.0,4.0,1.0,0.8105646630236795,0.5855018321286631
690,m531r1_41,4.0,2.0,1.0,0.8439716312056738,0.5854759473122644
691,m531r1_42,1.0,9.0,0.0,0.5872270866039782,1.2937676006725427
692,m531r1_42,1.0,4.0,-1.0,0.8831430490261921,1.29231913587281
693,m531r1_42,1.0,6.0,1.0,0.9668587896253602,0.9619174687575823
694,m531r1_42,3.0,7.0,-1.0,0.9093286021103745,1.2935198475912715
695,m531r1_42,3.0,11.0,-1.0,0.8432247899159664,1.2929860351721103
696,m531r1_42,3.0,5.0,-1.0,0.9334322269608752,1.2917200428572042
697,m531r1_42,3.0,3.0,-1.0,0.9840731070496084,0.7759217344076167
698,m531r1_42,4.0,3.0,-1.0,0.9319316130402464,1.291483975288941
699,m531r1_42,4.0,12.0,-1.0,0.8699728260869565,1.293351266386318
700,m531r1_42,4.0,2.0,-1.0,0.979225352112676,0.8791027768819979
701,m531r1_42,4.0,13.0,-1.0,0.9057853910795087,1.2877544613066019
702,m531r1_42,4.0,10.0,-1.0,0.802875215641173,0.8070135842910039
703,m531r1_43,1.0,9.0,0.0,0.7165452619303764,2.9511326464037175
704,m531r1_43,1.0,6.0,1.0,0.9370311747298878,2.9501820890429347
705,m531r1_43,1.0,2.0,-1.0,0.9692648143594788,2.7759443557924315
706,m531r1_43,3.0,15.0,-1.0,0.9455716586151369,2.9480417055176114
707,m531r1_43,3.0,14.0,-1.0,0.9441016873559801,2.9489667383108427
708,m531r1_43,3.0,5.0,-1.0,0.9219219219219219,2.564507720804802
709,m531r1_43,4.0,18.0,-1.0,0.9540073633531577,2.9481590416738306
710,m531r1_43,4.0,19.0,-1.0,0.9414299875016162,2.9502899514019334
711,m531r1_43,4.0,2.0,-1.0,0.991036543323374,2.1920049901046856
712,m531r1_43,4.0,17.0,1.0,0.996630443939011,1.7877775275736276
713,m649r1_3,1.0,4.0,1.0,0.9044710891976692,3.375206636646804
714,m649r1_3,1.0,9.0,1.0,0.8114150696967538,3.3751737566277904
715,m649r1_3,1.0,6.0,1.0,0.9313791149348307,3.3725916971925574
716,m649r1_3,1.0,7.0,1.0,0.8491950305079762,3.3751615719905197
717,m649r1_3,1.0,5.0,0.0,0.7874730918841346,3.375018660203699
718,m649r1_3,2.0,7.0,0.0,0.6058820863733176,3.375185254062092
719,m649r1_3,4.0,6.0,-1.0,0.7581990886335922,3.3746158006781353
720,m649r1_3,4.0,8.0,-1.0,0.7732643186677169,2.9425308014943234
721,m649r1_5,1.0,8.0,-1.0,0.8368411364054734,2.6297394023886462
722,m649r1_5,1.0,10.0,0.0,0.8530701629969193,2.6297795730745652
723,m649r1_5,1.0,7.0,-1.0,0.8268987130759485,2.629546367953474
724,m649r1_5,1.0,6.0,1.0,0.8873239436619719,2.629692697142708
725,m649r1_5,1.0,4.0,-1.0,0.8044934111039101,2.629518495726953
726,m649r1_5,1.0,2.0,-1.0,0.9091532396297566,2.626140963079199
727,m649r1_5,1.0,12.0,1.0,0.8212446861880496,2.62961222732743
728,m649r1_5,1.0,5.0,-1.0,0.789132028059889,2.6293981602789267
729,m649r1_5,1.0,3.0,-1.0,0.828112609040444,2.628130857020882
730,m649r1_5,1.0,9.0,0.0,0.8686197846928392,2.4105069367164393
731,m649r1_5,2.0,9.0,-1.0,0.864967768688506,2.629642315203294
732,m649r1_5,2.0,8.0,0.0,0.7859152121910162,2.6297662310122156
733,m649r1_5,2.0,3.0,0.0,0.7555454648654785,2.629674907726242
734,m649r1_5,2.0,10.0,1.0,0.8929510301400012,2.6297692333776297
735,m649r1_5,2.0,6.0,0.0,0.7458071278825996,2.629641560598083
736,m649r1_5,2.0,7.0,1.0,0.87508146860743,2.6286636243553514
737,m649r1_5,2.0,4.0,0.0,0.7455513584854139,2.6293459640759203
738,m649r1_5,2.0,5.0,-1.0,0.8981233243967829,2.6273837175847383
739,m649r1_5,3.0,2.0,-1.0,0.8617466174661746,2.6291499593861936
740,m649r1_5,3.0,3.0,1.0,0.8629618131015213,2.62785608439146
741,m649r1_5,4.0,7.0,0.0,0.8114438254410399,2.629787215459256
742,m649r1_5,4.0,4.0,0.0,0.7678062176530648,2.6297079016349403
743,m649r1_5,4.0,5.0,0.0,0.7350654069767442,2.6296575678618166
744,m649r1_5,4.0,3.0,1.0,0.8798974734529477,2.626761778391918
745,m649r1_14,1.0,17.0,0.0,0.7161913697479627,1.2717099770590359
746,m649r1_14,1.0,2.0,1.0,0.7682687591956842,1.2601366511642065
747,m649r1_14,1.0,16.0,-1.0,0.7052748959936714,1.2714605324354764
748,m649r1_14,1.0,13.0,-1.0,0.7094834067232306,1.271535657744841
749,m649r1_14,1.0,19.0,0.0,0.9364459266317294,0.09543549380640821
750,m649r1_14,1.0,21.0,-1.0,0.9532250123092073,0.08711638202302743
751,m649r1_14,4.0,13.0,0.0,0.9062335163982749,0.0964061056542777
752,m649r1_14,4.0,14.0,0.0,0.9430303757954136,0.09083110012012752
753,m649r1_16,2.0,10.0,0.0,0.7888248809244008,2.5352197460561343
754,m649r1_16,2.0,5.0,-1.0,0.8708673667833527,1.6556641405415067
755,m649r1_16,2.0,6.0,1.0,0.9137024646685328,2.535078639645019
756,m649r1_16,2.0,9.0,1.0,0.9256148770245951,2.535089646350241
757,m649r1_16,3.0,9.0,1.0,0.9296044527578813,2.5346640762569312
758,m649r1_16,3.0,4.0,1.0,0.9534019249917026,2.5348392044163957
759,m649r1_16,3.0,11.0,0.0,0.8692823367450769,2.5351165103639057
760,m649r1_16,3.0,5.0,-1.0,0.894398375359621,2.5306290158717606
761,m649r1_16,4.0,13.0,1.0,0.9564901517597675,2.5342431541894457
762,m649r1_16,4.0,6.0,1.0,0.9134984714274516,2.535071358113037
763,m649r1_16,4.0,5.0,1.0,0.9290611814345991,2.534381818417501
764,m649r1_16,4.0,9.0,1.0,0.9147286821705426,2.532121763690992
765,m649r1_16,4.0,2.0,1.0,0.9192697768762678,2.527973259963658
766,m649r1_17,2.0,23.0,0.0,0.8970624996936529,3.3608945349212576
767,m649r1_17,2.0,3.0,1.0,0.9568867155664221,3.3605597507689455
768,m649r1_17,2.0,4.0,1.0,0.9663721413721413,3.3593634501388854
769,m649r1_17,2.0,2.0,1.0,0.9601606425702811,3.3593045782111886
770,m649r1_17,2.0,22.0,1.0,0.9630128597672994,3.360307413611064
771,m649r1_17,2.0,24.0,1.0,0.9487653584635573,3.358915493529792
772,m649r1_17,2.0,25.0,1.0,0.9363342253464872,3.3601781401220046
773,m649r1_17,2.0,5.0,1.0,0.9554083322716269,3.35656344826178
774,m649r1_17,2.0,10.0,1.0,0.9747593026281551,3.3598268706162915
775,m649r1_17,2.0,11.0,1.0,0.9718086162398253,3.2288664646728593
776,m649r1_17,2.0,12.0,1.0,0.9498380129589633,3.3586145599773767
777,m649r1_17,2.0,7.0,1.0,0.9678753180661578,3.3552574037238974
778,m649r1_17,2.0,9.0,1.0,0.9636704758655978,3.349397730369342
779,m649r1_17,2.0,8.0,1.0,0.9684952978056426,3.350070342901803
780,m649r1_17,2.0,6.0,1.0,0.9693304535637149,3.3441575219815296
781,m649r1_17,3.0,21.0,-1.0,0.9573078091765421,3.3609101808364175
782,m649r1_17,3.0,10.0,-1.0,0.9581862612001086,3.3601561225671865
783,m649r1_17,3.0,18.0,1.0,0.9517058041648205,3.3604694757600777
784,m649r1_17,3.0,16.0,-1.0,0.9678381653770859,3.359204482786277
785,m649r1_17,3.0,4.0,1.0,0.941274085000461,3.3608307780698237
786,m649r1_17,3.0,13.0,-1.0,0.9559590149200072,3.3605774497679954
787,m649r1_17,3.0,20.0,1.0,0.9733252957576671,3.360555240052616
788,m649r1_17,3.0,2.0,1.0,0.9583708081716562,3.359259369910759
789,m649r1_17,3.0,19.0,1.0,0.9516501597949562,3.360059910808352
790,m649r1_17,3.0,3.0,1.0,0.9786394441108347,3.3575949054715473
791,m649r1_17,4.0,24.0,-1.0,0.9437826541274817,3.3600223687029382
792,m649r1_17,4.0,31.0,1.0,0.9538000982976632,3.3607333425516255
793,m649r1_17,4.0,28.0,-1.0,0.9632433509313677,3.3432828071073475
794,m649r1_17,4.0,14.0,1.0,0.9542326019177598,3.3604328438889013
795,m649r1_17,4.0,7.0,1.0,0.9593629056266746,3.360209249905477
796,m649r1_17,4.0,22.0,-1.0,0.9302447186781008,3.3606723871988984
797,m649r1_17,4.0,13.0,-1.0,0.9736462837142269,3.3570915054837163
798,m649r1_17,4.0,30.0,1.0,0.9551939506611242,3.3601100546010882
799,m649r1_17,4.0,16.0,1.0,0.896884336320956,3.3566435893294777
800,m649r1_17,4.0,10.0,1.0,0.8914189122004574,3.342267278996725
801,m649r1_17,4.0,4.0,-1.0,0.9585445498367283,3.3605246460685443
802,m649r1_17,4.0,11.0,1.0,0.8867005506141465,3.360291332806213
803,m649r1_17,4.0,12.0,-1.0,0.9630420130307796,3.359596945448064
804,m649r1_17,4.0,2.0,1.0,0.9620881905727319,3.3544310020602643
805,m649r1_17,4.0,8.0,1.0,0.9666103676757178,3.3574584107908754
806,m649r1_17,4.0,15.0,-3.0,0.9393865230869636,3.355330849513097
807,m649r1_17,4.0,6.0,1.0,0.940905280804694,3.355060206533342
808,m649r1_17,4.0,9.0,1.0,0.9440392354124748,3.3558080347549075
809,m649r1_17,4.0,5.0,-1.0,0.9608847020274421,3.34944725722554
810,m649r1_19,2.0,14.0,1.0,0.9944883602871855,10.221834615391163
811,m649r1_19,2.0,3.0,1.0,0.9568,10.200837575365844
812,m649r1_19,2.0,20.0,1.0,0.9811443697821217,10.220745576758967
813,m649r1_19,2.0,18.0,1.0,0.9743362004487659,10.220806903046217
814,m649r1_19,2.0,15.0,-1.0,0.9814595235528727,10.218095547069497
815,m649r1_19,2.0,2.0,1.0,0.9825680272108843,10.216710531360182
816,m649r1_19,2.0,19.0,0.0,0.9217405271529905,10.21546947694363
817,m649r1_19,2.0,5.0,-1.0,0.9121951219512195,9.17316280105471
818,m649r1_19,2.0,4.0,-1.0,0.9801674746584399,6.463220642499831
819,m649r1_19,3.0,13.0,-1.0,0.9810978425809856,10.221452230951707
820,m649r1_19,3.0,15.0,1.0,0.9718054748641537,10.223038354061858
821,m649r1_19,3.0,9.0,1.0,0.9763985494322573,10.215094178417662
822,m649r1_19,3.0,8.0,1.0,0.9780163599182005,10.22220333778159
823,m649r1_19,3.0,2.0,-1.0,0.9628198048960059,10.193673512916822
824,m649r1_19,3.0,10.0,-1.0,0.9619429143715573,10.21821152155287
825,m649r1_19,3.0,11.0,-1.0,0.9570013898540654,10.161153452134977
826,m649r1_19,4.0,17.0,-1.0,0.9641751437417072,10.214271549741552
827,m649r1_19,4.0,24.0,1.0,0.9818148420279207,10.223304356195584
828,m649r1_19,4.0,27.0,1.0,0.9849402906053297,10.221327233398641
829,m649r1_19,4.0,23.0,1.0,0.9774072813882273,10.222253550909555
830,m649r1_19,4.0,4.0,-1.0,0.958029197080292,10.222265581669147
831,m649r1_19,4.0,25.0,1.0,0.9825112720316983,10.22244925466413
832,m649r1_19,4.0,22.0,-1.0,0.9497169497169498,10.193596893291106
833,m649r1_19,4.0,13.0,-1.0,0.9669562740350377,10.221290223519551
834,m649r1_19,4.0,2.0,1.0,0.9763921834406416,10.222302591548237
835,m649r1_19,4.0,26.0,1.0,0.9673431431540944,10.221475782692947
836,m649r1_19,4.0,3.0,1.0,0.9789641665457711,10.222197781201949
837,m649r1_19,4.0,18.0,1.0,0.9833397411252083,10.222550088742418
838,m649r1_19,4.0,29.0,1.0,0.9760939866552049,10.221922195242781
839,m649r1_19,4.0,21.0,1.0,0.9794143744454303,10.20674156868082
840,m649r1_19,4.0,5.0,1.0,0.9796264855687606,10.208515850831905
841,m649r1_19,4.0,16.0,-1.0,0.9627161008123307,10.21494899365782
842,m649r1_19,4.0,14.0,0.0,0.8632485954354329,10.218792770370182
843,m649r1_19,4.0,28.0,1.0,0.9754260427455042,10.172846891659814
844,m649r1_19,4.0,19.0,1.0,0.9351735675449603,10.182588493373974
845,m649r1_19,4.0,20.0,1.0,0.9657123834886817,10.117249896821214
846,m649r1_21,2.0,24.0,-1.0,0.9608909569004478,4.197989822268574
847,m649r1_21,2.0,25.0,0.0,0.9034371385282091,4.1980320920302825
848,m649r1_21,2.0,31.0,1.0,0.9747150530590856,4.196971572697834
849,m649r1_21,2.0,16.0,1.0,0.9708529789969995,4.193769711282246
850,m649r1_21,2.0,4.0,1.0,0.9796723899743438,4.193993430906221
851,m649r1_21,2.0,30.0,1.0,0.9513866919751134,4.197738361006732
852,m649r1_21,2.0,29.0,1.0,0.969835967492646,4.1971287865484
853,m649r1_21,2.0,23.0,1.0,0.9744538203675875,4.197940046871346
854,m649r1_21,2.0,3.0,1.0,0.9425076452599388,4.196687291134569
855,m649r1_21,2.0,18.0,1.0,0.9828362751065125,4.194570758098177
856,m649r1_21,2.0,7.0,-1.0,0.9840871021775545,4.185539085305053
857,m649r1_21,2.0,2.0,1.0,0.9760450915922968,4.197638911336108
858,m649r1_21,2.0,20.0,1.0,0.9727770903305639,4.19336789011844
859,m649r1_21,2.0,6.0,1.0,0.9458128078817734,4.159357012879534
860,m649r1_21,2.0,8.0,-1.0,0.9475510991129965,4.193092518688358
861,m649r1_21,2.0,22.0,1.0,0.9724944672779007,4.196951291751559
862,m649r1_21,2.0,26.0,1.0,0.9764110725856875,4.196149278641236
863,m649r1_21,2.0,9.0,1.0,0.9692751655067051,4.194982511869466
864,m649r1_21,2.0,5.0,1.0,0.9722975867485364,4.196347773487157
865,m649r1_21,2.0,11.0,1.0,0.9710572947430597,4.193229968447792
866,m649r1_21,3.0,15.0,-1.0,0.9655201662496289,4.197733574478692
867,m649r1_21,3.0,7.0,1.0,0.9533059845559846,4.196570021197579
868,m649r1_21,3.0,14.0,1.0,0.9797196209896382,4.1964081668867275
869,m649r1_21,3.0,16.0,-1.0,0.9542800994162187,4.196534448080733
870,m649r1_21,3.0,2.0,1.0,0.9718891447629635,4.196465976010596
871,m649r1_21,3.0,9.0,1.0,0.9680007130760317,4.196419133204492
872,m649r1_21,4.0,23.0,1.0,0.9659383033419023,4.196599998795729
873,m649r1_21,4.0,27.0,1.0,0.9769452449567724,4.194075633345526
874,m649r1_21,4.0,16.0,1.0,0.9563994374120957,4.197841035403993
875,m649r1_21,4.0,36.0,1.0,0.9550191991223258,4.1975017424762076
876,m649r1_21,4.0,33.0,1.0,0.9793436574590999,4.197593832579069
877,m649r1_21,4.0,32.0,0.0,0.9335445290809425,4.197851642170356
878,m649r1_21,4.0,34.0,1.0,0.8778195488721805,4.194099689581522
879,m649r1_21,4.0,13.0,1.0,0.9677912307511461,4.193311103468871
880,m649r1_21,4.0,31.0,1.0,0.9671235533716945,4.197798967889948
881,m649r1_21,4.0,21.0,1.0,0.9588697947530033,4.197216449674624
882,m649r1_21,4.0,25.0,1.0,0.9629920572575718,4.193816756336015
883,m649r1_21,4.0,3.0,1.0,0.9770491803278688,4.197525540284634
884,m649r1_21,4.0,2.0,1.0,0.9604141291108405,4.195881772398075
885,m649r1_21,4.0,10.0,1.0,0.9559093692590325,4.197095056132491
886,m649r1_21,4.0,39.0,1.0,0.9472761481228085,4.197107764027359
887,m649r1_21,4.0,35.0,-1.0,0.9761055081458495,4.19579580590503
888,m649r1_21,4.0,24.0,1.0,0.9710296123906589,4.195880660035925
889,m649r1_21,4.0,38.0,1.0,0.9596605440595211,4.195464378164164
890,m649r1_21,4.0,7.0,1.0,0.9531066822977726,4.196159233720682
891,m649r1_21,4.0,37.0,1.0,0.9793163891323401,4.186145165373196
892,m649r1_21,4.0,22.0,1.0,0.8894084163447855,4.177224077108179
893,m649r1_21,4.0,8.0,1.0,0.9564686115778219,4.189462105709416
894,m649r1_21,4.0,4.0,1.0,0.971500227998176,4.196039795239297
895,m649r1_21,4.0,12.0,-1.0,0.965710080941869,4.196217087788475
896,m649r1_21,4.0,6.0,1.0,0.9669576568491475,4.195982649038326
897,m649r1_21,4.0,28.0,1.0,0.9551936994465731,4.195200748334559
898,m649r1_21,4.0,9.0,1.0,0.9522342064714946,4.192070752255466
899,m649r1_21,4.0,5.0,-1.0,0.9522355507088331,4.193404968856782
900,m649r1_21,4.0,11.0,1.0,0.9601321066289219,4.183115742562859
901,m649r1_22,2.0,18.0,0.0,0.900647706105287,3.6425818432475814
902,m649r1_22,2.0,11.0,-3.0,0.9692283061159142,3.6424364266715994
903,m649r1_22,2.0,3.0,1.0,0.9692840646651271,3.642306682853172
904,m649r1_22,2.0,9.0,1.0,0.9596119929453263,3.640322002315048
905,m649r1_22,2.0,12.0,1.0,0.9585221632353575,3.642400007000423
906,m649r1_22,2.0,13.0,1.0,0.9628323932312651,3.6422306377195013
907,m649r1_22,2.0,4.0,1.0,0.9283696529459241,3.6416154416611004
908,m649r1_22,2.0,10.0,1.0,0.9744753261486103,3.639762265774371
909,m649r1_22,2.0,8.0,1.0,0.974274829316133,3.638515945512028
910,m649r1_22,2.0,2.0,1.0,0.9507944643772425,3.6363271293229893
911,m649r1_22,3.0,21.0,1.0,0.9726697142298384,3.6412438386976964
912,m649r1_22,3.0,7.0,-1.0,0.9555824331651166,3.6399814021091896
913,m649r1_22,3.0,14.0,1.0,0.9633542075189239,3.642496866255082
914,m649r1_22,3.0,2.0,-1.0,0.9800151236901804,3.6424738342910437
915,m649r1_22,3.0,23.0,1.0,0.9748963940361073,3.6424824905996753
916,m649r1_22,3.0,13.0,1.0,0.955013026079016,3.642479661169603
917,m649r1_22,3.0,20.0,-1.0,0.9683214959560635,3.6424616899201605
918,m649r1_22,3.0,10.0,1.0,0.9666256425106784,3.641918204120378
919,m649r1_22,3.0,17.0,-1.0,0.9660686827268068,3.642228224975092
920,m649r1_22,3.0,9.0,1.0,0.9559006915315724,3.636124694018412
921,m649r1_22,3.0,8.0,1.0,0.9665239392759829,3.6376301591600484
922,m649r1_22,3.0,11.0,1.0,0.9784522003034901,3.640908951117875
923,m649r1_22,3.0,12.0,1.0,0.9768303985171455,3.641860257930143
924,m649r1_22,4.0,25.0,1.0,0.9671737664445486,3.6425801899463983
925,m649r1_22,4.0,9.0,-1.0,0.9521439076818644,3.6415574685879193
926,m649r1_22,4.0,26.0,1.0,0.9616858567504026,3.6425970993194707
927,m649r1_22,4.0,20.0,-1.0,0.9647588765235824,3.6405882510128382
928,m649r1_22,4.0,8.0,1.0,0.9550195567144719,3.642367801231042
929,m649r1_22,4.0,2.0,1.0,0.9569693557468029,3.641789643151577
930,m649r1_22,4.0,28.0,-1.0,0.9637773173828778,3.642200878298211
931,m649r1_22,4.0,18.0,-1.0,0.9724702990577632,3.642091841068987
932,m649r1_22,4.0,23.0,0.0,0.9631977700698949,3.642167254453425
933,m649r1_22,4.0,3.0,1.0,0.9508353221957041,3.6417845421125614
934,m649r1_22,4.0,4.0,-1.0,0.9529493167272098,3.641287422673998
935,m649r1_22,4.0,19.0,1.0,0.9589272030651341,3.6378048781472367
936,m649r1_22,4.0,6.0,1.0,0.9694944799535155,3.639010430421878
937,m649r1_22,4.0,21.0,1.0,0.9821172170734891,3.639891949106171
938,m649r1_22,4.0,5.0,-1.0,0.9614070351758794,3.638499257923261
939,m649r1_22,4.0,22.0,1.0,0.9721081785597915,3.629853514289357
